Symbol,Date,Close
ETH,2015-08-08 23:59:59,0.7533249855
ETH,2015-08-09 23:59:59,0.7018970251
ETH,2015-08-10 23:59:59,0.7084479928
ETH,2015-08-11 23:59:59,1.067860007
ETH,2015-08-12 23:59:59,1.217440009
ETH,2015-08-13 23:59:59,1.827669978
ETH,2015-08-14 23:59:59,1.827870011
ETH,2015-08-15 23:59:59,1.688899994
ETH,2015-08-16 23:59:59,1.566030025
ETH,2015-08-17 23:59:59,1.203609943
ETH,2015-08-18 23:59:59,1.087049961
ETH,2015-08-19 23:59:59,1.258859992
ETH,2015-08-20 23:59:59,1.464920044
ETH,2015-08-21 23:59:59,1.395290017
ETH,2015-08-22 23:59:59,1.379230022
ETH,2015-08-23 23:59:59,1.352589965
ETH,2015-08-24 23:59:59,1.231269956
ETH,2015-08-25 23:59:59,1.140190005
ETH,2015-08-26 23:59:59,1.159980059
ETH,2015-08-27 23:59:59,1.147699952
ETH,2015-08-28 23:59:59,1.191380024
ETH,2015-08-29 23:59:59,1.182549953
ETH,2015-08-30 23:59:59,1.319270015
ETH,2015-08-31 23:59:59,1.358240008
ETH,2015-09-01 23:59:59,1.351609945
ETH,2015-09-02 23:59:59,1.29479003
ETH,2015-09-03 23:59:59,1.26493001
ETH,2015-09-04 23:59:59,1.274410009
ETH,2015-09-05 23:59:59,1.338809967
ETH,2015-09-06 23:59:59,1.295830011
ETH,2015-09-07 23:59:59,1.246649981
ETH,2015-09-08 23:59:59,1.242429972
ETH,2015-09-09 23:59:59,1.206509948
ETH,2015-09-10 23:59:59,1.165770054
ETH,2015-09-11 23:59:59,0.9829779863
ETH,2015-09-12 23:59:59,1.038740039
ETH,2015-09-13 23:59:59,0.9360030293
ETH,2015-09-14 23:59:59,0.8756219745
ETH,2015-09-15 23:59:59,0.9444100261
ETH,2015-09-16 23:59:59,0.9071750045
ETH,2015-09-17 23:59:59,0.8742309809
ETH,2015-09-18 23:59:59,0.8536850214
ETH,2015-09-19 23:59:59,0.882390976
ETH,2015-09-20 23:59:59,0.938444972
ETH,2015-09-21 23:59:59,0.919046998
ETH,2015-09-22 23:59:59,0.9017959833
ETH,2015-09-23 23:59:59,0.8934059739
ETH,2015-09-24 23:59:59,0.8136100173
ETH,2015-09-25 23:59:59,0.7362229824
ETH,2015-09-26 23:59:59,0.7859640121
ETH,2015-09-27 23:59:59,0.7208390236
ETH,2015-09-28 23:59:59,0.5828859806
ETH,2015-09-29 23:59:59,0.6611459851
ETH,2015-09-30 23:59:59,0.7386440039
ETH,2015-10-01 23:59:59,0.6902149916
ETH,2015-10-02 23:59:59,0.6785740256
ETH,2015-10-03 23:59:59,0.6871709824
ETH,2015-10-04 23:59:59,0.6683790088
ETH,2015-10-05 23:59:59,0.6286429763
ETH,2015-10-06 23:59:59,0.6506450176
ETH,2015-10-07 23:59:59,0.6093879938
ETH,2015-10-08 23:59:59,0.6217160225
ETH,2015-10-09 23:59:59,0.6506279707
ETH,2015-10-10 23:59:59,0.6278570294
ETH,2015-10-11 23:59:59,0.634962976
ETH,2015-10-12 23:59:59,0.6260300279
ETH,2015-10-13 23:59:59,0.6076549888
ETH,2015-10-14 23:59:59,0.5229679942
ETH,2015-10-15 23:59:59,0.5618780255
ETH,2015-10-16 23:59:59,0.5364949703
ETH,2015-10-17 23:59:59,0.5471779704
ETH,2015-10-18 23:59:59,0.5177339911
ETH,2015-10-19 23:59:59,0.4890139997
ETH,2015-10-20 23:59:59,0.4348289967
ETH,2015-10-21 23:59:59,0.4473290145
ETH,2015-10-22 23:59:59,0.5677019954
ETH,2015-10-23 23:59:59,0.5396569967
ETH,2015-10-24 23:59:59,0.5635899901
ETH,2015-10-25 23:59:59,0.6160389781
ETH,2015-10-26 23:59:59,0.7313169837
ETH,2015-10-27 23:59:59,0.869641006
ETH,2015-10-28 23:59:59,1.00248003
ETH,2015-10-29 23:59:59,1.206660032
ETH,2015-10-30 23:59:59,1.04121995
ETH,2015-10-31 23:59:59,0.9166269898
ETH,2015-11-01 23:59:59,1.055670023
ETH,2015-11-02 23:59:59,0.9897890091
ETH,2015-11-03 23:59:59,1.013360023
ETH,2015-11-04 23:59:59,0.8990499973
ETH,2015-11-05 23:59:59,0.8956369758
ETH,2015-11-06 23:59:59,0.9260320067
ETH,2015-11-07 23:59:59,0.9279739857
ETH,2015-11-08 23:59:59,1.027469993
ETH,2015-11-09 23:59:59,0.9992780089
ETH,2015-11-10 23:59:59,0.9343479872
ETH,2015-11-11 23:59:59,0.79182899
ETH,2015-11-12 23:59:59,0.8957110047
ETH,2015-11-13 23:59:59,0.9040960073
ETH,2015-11-14 23:59:59,0.8888120055
ETH,2015-11-15 23:59:59,0.9063680172
ETH,2015-11-16 23:59:59,0.9289619923
ETH,2015-11-17 23:59:59,1.007979989
ETH,2015-11-18 23:59:59,0.993318975
ETH,2015-11-19 23:59:59,0.9555320144
ETH,2015-11-20 23:59:59,0.9249200225
ETH,2015-11-21 23:59:59,0.9761400223
ETH,2015-11-22 23:59:59,0.9680179954
ETH,2015-11-23 23:59:59,0.9469689727
ETH,2015-11-24 23:59:59,0.900191009
ETH,2015-11-25 23:59:59,0.8635370135
ETH,2015-11-26 23:59:59,0.8841829896
ETH,2015-11-27 23:59:59,0.8679509759
ETH,2015-11-28 23:59:59,0.9157029986
ETH,2015-11-29 23:59:59,0.8786140084
ETH,2015-11-30 23:59:59,0.8731189966
ETH,2015-12-01 23:59:59,0.8748000264
ETH,2015-12-02 23:59:59,0.8212100267
ETH,2015-12-03 23:59:59,0.8121430278
ETH,2015-12-04 23:59:59,0.8400409818
ETH,2015-12-05 23:59:59,0.8624380231
ETH,2015-12-06 23:59:59,0.8355000019
ETH,2015-12-07 23:59:59,0.8112639785
ETH,2015-12-08 23:59:59,0.8221179843
ETH,2015-12-09 23:59:59,0.7921670079
ETH,2015-12-10 23:59:59,0.840395987
ETH,2015-12-11 23:59:59,0.9297620058
ETH,2015-12-12 23:59:59,0.9769729972
ETH,2015-12-13 23:59:59,0.9528840184
ETH,2015-12-14 23:59:59,0.9930220246
ETH,2015-12-15 23:59:59,1.014150023
ETH,2015-12-16 23:59:59,0.9911820292
ETH,2015-12-17 23:59:59,0.9407010078
ETH,2015-12-18 23:59:59,0.9201269746
ETH,2015-12-19 23:59:59,0.9080719948
ETH,2015-12-20 23:59:59,0.9038850069
ETH,2015-12-21 23:59:59,0.9007710218
ETH,2015-12-22 23:59:59,0.8642020226
ETH,2015-12-23 23:59:59,0.8580769897
ETH,2015-12-24 23:59:59,0.8632619977
ETH,2015-12-25 23:59:59,0.8703629971
ETH,2015-12-26 23:59:59,0.8546029925
ETH,2015-12-27 23:59:59,0.856365025
ETH,2015-12-28 23:59:59,0.8450049758
ETH,2015-12-29 23:59:59,0.8730540276
ETH,2015-12-30 23:59:59,0.9119579792
ETH,2015-12-31 23:59:59,0.9335420132
ETH,2016-01-01 23:59:59,0.9480239749
ETH,2016-01-02 23:59:59,0.9371240139
ETH,2016-01-03 23:59:59,0.9719049931
ETH,2016-01-04 23:59:59,0.9544799924
ETH,2016-01-05 23:59:59,0.9501760006
ETH,2016-01-06 23:59:59,0.9508600235
ETH,2016-01-07 23:59:59,0.9420049787
ETH,2016-01-08 23:59:59,0.9867889881
ETH,2016-01-09 23:59:59,0.9868329763
ETH,2016-01-10 23:59:59,0.9992309809
ETH,2016-01-11 23:59:59,1.06159997
ETH,2016-01-12 23:59:59,1.141000032
ETH,2016-01-13 23:59:59,1.125200033
ETH,2016-01-14 23:59:59,1.189589977
ETH,2016-01-15 23:59:59,1.208009958
ETH,2016-01-16 23:59:59,1.220289946
ETH,2016-01-17 23:59:59,1.327469945
ETH,2016-01-18 23:59:59,1.426339984
ETH,2016-01-19 23:59:59,1.371389985
ETH,2016-01-20 23:59:59,1.531820059
ETH,2016-01-21 23:59:59,1.553570032
ETH,2016-01-22 23:59:59,1.501270056
ETH,2016-01-23 23:59:59,1.972669959
ETH,2016-01-24 23:59:59,2.141200066
ETH,2016-01-25 23:59:59,2.499269962
ETH,2016-01-26 23:59:59,2.276370049
ETH,2016-01-27 23:59:59,2.388550043
ETH,2016-01-28 23:59:59,2.526489973
ETH,2016-01-29 23:59:59,2.49496007
ETH,2016-01-30 23:59:59,2.445060015
ETH,2016-01-31 23:59:59,2.306040049
ETH,2016-02-01 23:59:59,2.211689949
ETH,2016-02-02 23:59:59,2.439640045
ETH,2016-02-03 23:59:59,2.5286901
ETH,2016-02-04 23:59:59,2.578039885
ETH,2016-02-05 23:59:59,2.538990021
ETH,2016-02-06 23:59:59,2.534460068
ETH,2016-02-07 23:59:59,2.964339972
ETH,2016-02-08 23:59:59,3.17979002
ETH,2016-02-09 23:59:59,4.044640064
ETH,2016-02-10 23:59:59,4.436260223
ETH,2016-02-11 23:59:59,6.013100147
ETH,2016-02-12 23:59:59,5.546979904
ETH,2016-02-13 23:59:59,5.385320187
ETH,2016-02-14 23:59:59,5.239729881
ETH,2016-02-15 23:59:59,5.288350105
ETH,2016-02-16 23:59:59,4.315289974
ETH,2016-02-17 23:59:59,3.757240057
ETH,2016-02-18 23:59:59,4.399129868
ETH,2016-02-19 23:59:59,4.737889767
ETH,2016-02-20 23:59:59,4.341330051
ETH,2016-02-21 23:59:59,4.653619766
ETH,2016-02-22 23:59:59,5.616499901
ETH,2016-02-23 23:59:59,5.586209774
ETH,2016-02-24 23:59:59,6.236470222
ETH,2016-02-25 23:59:59,6.104800224
ETH,2016-02-26 23:59:59,5.92166996
ETH,2016-02-27 23:59:59,6.425859928
ETH,2016-02-28 23:59:59,6.468349934
ETH,2016-02-29 23:59:59,6.33698988
ETH,2016-03-01 23:59:59,7.653689861
ETH,2016-03-02 23:59:59,8.465390205
ETH,2016-03-03 23:59:59,9.294150352
ETH,2016-03-04 23:59:59,10.40600014
ETH,2016-03-05 23:59:59,11.00370026
ETH,2016-03-06 23:59:59,11.38290024
ETH,2016-03-07 23:59:59,9.552630424
ETH,2016-03-08 23:59:59,9.84720993
ETH,2016-03-09 23:59:59,11.89799976
ETH,2016-03-10 23:59:59,11.30500031
ETH,2016-03-11 23:59:59,11.08279991
ETH,2016-03-12 23:59:59,13.5333004
ETH,2016-03-13 23:59:59,14.47500038
ETH,2016-03-14 23:59:59,12.45259953
ETH,2016-03-15 23:59:59,13.01000023
ETH,2016-03-16 23:59:59,12.52089977
ETH,2016-03-17 23:59:59,11.08150005
ETH,2016-03-18 23:59:59,10.99810028
ETH,2016-03-19 23:59:59,10.53069973
ETH,2016-03-20 23:59:59,10.31980038
ETH,2016-03-21 23:59:59,11.86410046
ETH,2016-03-22 23:59:59,11.2748003
ETH,2016-03-23 23:59:59,12.41670036
ETH,2016-03-24 23:59:59,11.23499966
ETH,2016-03-25 23:59:59,10.7432003
ETH,2016-03-26 23:59:59,10.97399998
ETH,2016-03-27 23:59:59,10.41919994
ETH,2016-03-28 23:59:59,11.66559982
ETH,2016-03-29 23:59:59,11.65639973
ETH,2016-03-30 23:59:59,11.95289993
ETH,2016-03-31 23:59:59,11.4034996
ETH,2016-04-01 23:59:59,11.66359997
ETH,2016-04-02 23:59:59,11.59889984
ETH,2016-04-03 23:59:59,11.61830044
ETH,2016-04-04 23:59:59,11.1573
ETH,2016-04-05 23:59:59,10.43809986
ETH,2016-04-06 23:59:59,10.68540001
ETH,2016-04-07 23:59:59,10.06970024
ETH,2016-04-08 23:59:59,9.719590187
ETH,2016-04-09 23:59:59,9.150620461
ETH,2016-04-10 23:59:59,8.936340332
ETH,2016-04-11 23:59:59,8.643790245
ETH,2016-04-12 23:59:59,7.442309856
ETH,2016-04-13 23:59:59,8.044420242
ETH,2016-04-14 23:59:59,8.38724041
ETH,2016-04-15 23:59:59,8.242779732
ETH,2016-04-16 23:59:59,8.609499931
ETH,2016-04-17 23:59:59,9.309100151
ETH,2016-04-18 23:59:59,9.036000252
ETH,2016-04-19 23:59:59,8.71487999
ETH,2016-04-20 23:59:59,8.465789795
ETH,2016-04-21 23:59:59,8.102169991
ETH,2016-04-22 23:59:59,7.821259975
ETH,2016-04-23 23:59:59,8.294790268
ETH,2016-04-24 23:59:59,8.001350403
ETH,2016-04-25 23:59:59,7.554339886
ETH,2016-04-26 23:59:59,7.39703989
ETH,2016-04-27 23:59:59,7.759970188
ETH,2016-04-28 23:59:59,7.172530174
ETH,2016-04-29 23:59:59,7.457290173
ETH,2016-04-30 23:59:59,8.813980103
ETH,2016-05-01 23:59:59,8.846500397
ETH,2016-05-02 23:59:59,10.16320038
ETH,2016-05-03 23:59:59,9.31126976
ETH,2016-05-04 23:59:59,9.413769722
ETH,2016-05-05 23:59:59,9.826100349
ETH,2016-05-06 23:59:59,9.346639633
ETH,2016-05-07 23:59:59,9.370510101
ETH,2016-05-08 23:59:59,9.482930183
ETH,2016-05-09 23:59:59,9.297730446
ETH,2016-05-10 23:59:59,9.361519814
ETH,2016-05-11 23:59:59,9.996279716
ETH,2016-05-12 23:59:59,10.05780029
ETH,2016-05-13 23:59:59,10.50660038
ETH,2016-05-14 23:59:59,10.23970032
ETH,2016-05-15 23:59:59,9.962349892
ETH,2016-05-16 23:59:59,11.17129993
ETH,2016-05-17 23:59:59,12.19880009
ETH,2016-05-18 23:59:59,13.55860043
ETH,2016-05-19 23:59:59,14.76970005
ETH,2016-05-20 23:59:59,13.63560009
ETH,2016-05-21 23:59:59,14.01500034
ETH,2016-05-22 23:59:59,14.28610039
ETH,2016-05-23 23:59:59,13.46150017
ETH,2016-05-24 23:59:59,12.7322998
ETH,2016-05-25 23:59:59,12.52600002
ETH,2016-05-26 23:59:59,12.43039989
ETH,2016-05-27 23:59:59,11.29580021
ETH,2016-05-28 23:59:59,11.89290047
ETH,2016-05-29 23:59:59,12.35039997
ETH,2016-05-30 23:59:59,12.72529984
ETH,2016-05-31 23:59:59,14.07730007
ETH,2016-06-01 23:59:59,14.00150013
ETH,2016-06-02 23:59:59,13.73799992
ETH,2016-06-03 23:59:59,13.84669971
ETH,2016-06-04 23:59:59,13.74040031
ETH,2016-06-05 23:59:59,13.97500038
ETH,2016-06-06 23:59:59,13.93410015
ETH,2016-06-07 23:59:59,14.51200008
ETH,2016-06-08 23:59:59,14.41769981
ETH,2016-06-09 23:59:59,14.39859962
ETH,2016-06-10 23:59:59,13.90859985
ETH,2016-06-11 23:59:59,14.19159985
ETH,2016-06-12 23:59:59,15.74370003
ETH,2016-06-13 23:59:59,17.60269928
ETH,2016-06-14 23:59:59,18.89319992
ETH,2016-06-15 23:59:59,18.35429955
ETH,2016-06-16 23:59:59,20.58860016
ETH,2016-06-17 23:59:59,15.37679958
ETH,2016-06-18 23:59:59,11.33069992
ETH,2016-06-19 23:59:59,12.23419952
ETH,2016-06-20 23:59:59,11.83950043
ETH,2016-06-21 23:59:59,13.30669975
ETH,2016-06-22 23:59:59,13.0951004
ETH,2016-06-23 23:59:59,13.67619991
ETH,2016-06-24 23:59:59,14.33209991
ETH,2016-06-25 23:59:59,14.28299999
ETH,2016-06-26 23:59:59,13.8501997
ETH,2016-06-27 23:59:59,13.88389969
ETH,2016-06-28 23:59:59,12.17560005
ETH,2016-06-29 23:59:59,12.61120033
ETH,2016-06-30 23:59:59,12.46150017
ETH,2016-07-01 23:59:59,12.19950008
ETH,2016-07-02 23:59:59,12.12839985
ETH,2016-07-03 23:59:59,11.72019958
ETH,2016-07-04 23:59:59,11.47099972
ETH,2016-07-05 23:59:59,10.61139965
ETH,2016-07-06 23:59:59,10.52890015
ETH,2016-07-07 23:59:59,10.1093998
ETH,2016-07-08 23:59:59,11.39459991
ETH,2016-07-09 23:59:59,10.96549988
ETH,2016-07-10 23:59:59,10.94760036
ETH,2016-07-11 23:59:59,10.45899963
ETH,2016-07-12 23:59:59,10.51609993
ETH,2016-07-13 23:59:59,10.50049973
ETH,2016-07-14 23:59:59,11.51319981
ETH,2016-07-15 23:59:59,11.95160007
ETH,2016-07-16 23:59:59,11.65279961
ETH,2016-07-17 23:59:59,11.15869999
ETH,2016-07-18 23:59:59,11.03439999
ETH,2016-07-19 23:59:59,11.61909962
ETH,2016-07-20 23:59:59,12.45059967
ETH,2016-07-21 23:59:59,12.65069962
ETH,2016-07-22 23:59:59,14.66189957
ETH,2016-07-23 23:59:59,14.29969978
ETH,2016-07-24 23:59:59,12.74950027
ETH,2016-07-25 23:59:59,13.83609962
ETH,2016-07-26 23:59:59,11.98950005
ETH,2016-07-27 23:59:59,12.97280025
ETH,2016-07-28 23:59:59,12.84360027
ETH,2016-07-29 23:59:59,12.79459953
ETH,2016-07-30 23:59:59,12.46100044
ETH,2016-07-31 23:59:59,11.87590027
ETH,2016-08-01 23:59:59,10.94159985
ETH,2016-08-02 23:59:59,8.787280083
ETH,2016-08-03 23:59:59,10.29389954
ETH,2016-08-04 23:59:59,11.04279995
ETH,2016-08-05 23:59:59,10.92539978
ETH,2016-08-06 23:59:59,10.8810997
ETH,2016-08-07 23:59:59,10.91160011
ETH,2016-08-08 23:59:59,11.24540043
ETH,2016-08-09 23:59:59,12.24429989
ETH,2016-08-10 23:59:59,12.14319992
ETH,2016-08-11 23:59:59,11.69089985
ETH,2016-08-12 23:59:59,11.7784996
ETH,2016-08-13 23:59:59,11.57129955
ETH,2016-08-14 23:59:59,11.19480038
ETH,2016-08-15 23:59:59,11.2184
ETH,2016-08-16 23:59:59,11.13969994
ETH,2016-08-17 23:59:59,10.75279999
ETH,2016-08-18 23:59:59,10.7560997
ETH,2016-08-19 23:59:59,10.74870014
ETH,2016-08-20 23:59:59,11.24740028
ETH,2016-08-21 23:59:59,11.17920017
ETH,2016-08-22 23:59:59,11.12090015
ETH,2016-08-23 23:59:59,11.03059959
ETH,2016-08-24 23:59:59,11.03600025
ETH,2016-08-25 23:59:59,11.35739994
ETH,2016-08-26 23:59:59,11.29539967
ETH,2016-08-27 23:59:59,11.14820004
ETH,2016-08-28 23:59:59,10.92930031
ETH,2016-08-29 23:59:59,10.98379993
ETH,2016-08-30 23:59:59,11.22889996
ETH,2016-08-31 23:59:59,11.67240047
ETH,2016-09-01 23:59:59,11.99489975
ETH,2016-09-02 23:59:59,12.11299992
ETH,2016-09-03 23:59:59,11.75870037
ETH,2016-09-04 23:59:59,11.67990017
ETH,2016-09-05 23:59:59,11.71700001
ETH,2016-09-06 23:59:59,11.68910027
ETH,2016-09-07 23:59:59,11.5479002
ETH,2016-09-08 23:59:59,11.34589958
ETH,2016-09-09 23:59:59,11.65279961
ETH,2016-09-10 23:59:59,12.16849995
ETH,2016-09-11 23:59:59,11.63840008
ETH,2016-09-12 23:59:59,11.89369965
ETH,2016-09-13 23:59:59,11.91870022
ETH,2016-09-14 23:59:59,11.92319965
ETH,2016-09-15 23:59:59,11.93700027
ETH,2016-09-16 23:59:59,12.55580044
ETH,2016-09-17 23:59:59,12.69859982
ETH,2016-09-18 23:59:59,12.43120003
ETH,2016-09-19 23:59:59,13.18900013
ETH,2016-09-20 23:59:59,14.43029976
ETH,2016-09-21 23:59:59,13.76850033
ETH,2016-09-22 23:59:59,13.2475996
ETH,2016-09-23 23:59:59,13.33129978
ETH,2016-09-24 23:59:59,12.87790012
ETH,2016-09-25 23:59:59,13.1008997
ETH,2016-09-26 23:59:59,12.82310009
ETH,2016-09-27 23:59:59,13.09829998
ETH,2016-09-28 23:59:59,13.2748003
ETH,2016-09-29 23:59:59,13.07339954
ETH,2016-09-30 23:59:59,13.22480011
ETH,2016-10-01 23:59:59,13.17269993
ETH,2016-10-02 23:59:59,13.19970036
ETH,2016-10-03 23:59:59,13.45240021
ETH,2016-10-04 23:59:59,13.27700043
ETH,2016-10-05 23:59:59,13.03569984
ETH,2016-10-06 23:59:59,12.85429955
ETH,2016-10-07 23:59:59,12.66709995
ETH,2016-10-08 23:59:59,12.2191
ETH,2016-10-09 23:59:59,12.05370045
ETH,2016-10-10 23:59:59,11.75549984
ETH,2016-10-11 23:59:59,11.78569984
ETH,2016-10-12 23:59:59,11.93350029
ETH,2016-10-13 23:59:59,11.9630003
ETH,2016-10-14 23:59:59,11.9382
ETH,2016-10-15 23:59:59,11.98340034
ETH,2016-10-16 23:59:59,11.95160007
ETH,2016-10-17 23:59:59,12.00500011
ETH,2016-10-18 23:59:59,12.58850002
ETH,2016-10-19 23:59:59,12.02260017
ETH,2016-10-20 23:59:59,12.09899998
ETH,2016-10-21 23:59:59,12.17539978
ETH,2016-10-22 23:59:59,12.07149982
ETH,2016-10-23 23:59:59,12.03600025
ETH,2016-10-24 23:59:59,11.96899986
ETH,2016-10-25 23:59:59,11.41399956
ETH,2016-10-26 23:59:59,11.53199959
ETH,2016-10-27 23:59:59,11.49969959
ETH,2016-10-28 23:59:59,11.08510017
ETH,2016-10-29 23:59:59,10.44460011
ETH,2016-10-30 23:59:59,11.18280029
ETH,2016-10-31 23:59:59,10.99820042
ETH,2016-11-01 23:59:59,10.76609993
ETH,2016-11-02 23:59:59,10.75259972
ETH,2016-11-03 23:59:59,10.80099964
ETH,2016-11-04 23:59:59,11.09070015
ETH,2016-11-05 23:59:59,11.00249958
ETH,2016-11-06 23:59:59,10.87349987
ETH,2016-11-07 23:59:59,10.80879974
ETH,2016-11-08 23:59:59,10.83370018
ETH,2016-11-09 23:59:59,10.65550041
ETH,2016-11-10 23:59:59,10.52449989
ETH,2016-11-11 23:59:59,10.28989983
ETH,2016-11-12 23:59:59,9.877960205
ETH,2016-11-13 23:59:59,10.10149956
ETH,2016-11-14 23:59:59,9.966480255
ETH,2016-11-15 23:59:59,10.21749973
ETH,2016-11-16 23:59:59,10.05910015
ETH,2016-11-17 23:59:59,9.99118042
ETH,2016-11-18 23:59:59,9.476160049
ETH,2016-11-19 23:59:59,9.662759781
ETH,2016-11-20 23:59:59,9.5792799
ETH,2016-11-21 23:59:59,9.620820045
ETH,2016-11-22 23:59:59,9.905719757
ETH,2016-11-23 23:59:59,9.8436203
ETH,2016-11-24 23:59:59,9.23167038
ETH,2016-11-25 23:59:59,9.402050018
ETH,2016-11-26 23:59:59,9.328109741
ETH,2016-11-27 23:59:59,8.998470306
ETH,2016-11-28 23:59:59,8.724820137
ETH,2016-11-29 23:59:59,8.174119949
ETH,2016-11-30 23:59:59,8.587539673
ETH,2016-12-01 23:59:59,8.452500343
ETH,2016-12-02 23:59:59,7.759960175
ETH,2016-12-03 23:59:59,7.921339989
ETH,2016-12-04 23:59:59,7.44367981
ETH,2016-12-05 23:59:59,6.821660042
ETH,2016-12-06 23:59:59,7.868929863
ETH,2016-12-07 23:59:59,8.381480217
ETH,2016-12-08 23:59:59,8.230509758
ETH,2016-12-09 23:59:59,8.446009636
ETH,2016-12-10 23:59:59,8.125160217
ETH,2016-12-11 23:59:59,8.193619728
ETH,2016-12-12 23:59:59,8.522210121
ETH,2016-12-13 23:59:59,8.422849655
ETH,2016-12-14 23:59:59,8.265230179
ETH,2016-12-15 23:59:59,7.82847023
ETH,2016-12-16 23:59:59,7.858210087
ETH,2016-12-17 23:59:59,7.876589775
ETH,2016-12-18 23:59:59,7.865320206
ETH,2016-12-19 23:59:59,7.643819809
ETH,2016-12-20 23:59:59,7.660039902
ETH,2016-12-21 23:59:59,7.914400101
ETH,2016-12-22 23:59:59,7.585000038
ETH,2016-12-23 23:59:59,7.166150093
ETH,2016-12-24 23:59:59,7.265769958
ETH,2016-12-25 23:59:59,7.175079823
ETH,2016-12-26 23:59:59,7.274089813
ETH,2016-12-27 23:59:59,7.170820236
ETH,2016-12-28 23:59:59,7.52011013
ETH,2016-12-29 23:59:59,8.28415966
ETH,2016-12-30 23:59:59,8.15997982
ETH,2016-12-31 23:59:59,7.969099998
ETH,2017-01-01 23:59:59,8.172570229
ETH,2017-01-02 23:59:59,8.378510475
ETH,2017-01-03 23:59:59,9.725250244
ETH,2017-01-04 23:59:59,11.25160027
ETH,2017-01-05 23:59:59,10.25440025
ETH,2017-01-06 23:59:59,10.25469971
ETH,2017-01-07 23:59:59,9.867190361
ETH,2017-01-08 23:59:59,10.28979969
ETH,2017-01-09 23:59:59,10.32559967
ETH,2017-01-10 23:59:59,10.54959965
ETH,2017-01-11 23:59:59,9.717760086
ETH,2017-01-12 23:59:59,9.861330032
ETH,2017-01-13 23:59:59,9.769499779
ETH,2017-01-14 23:59:59,9.646659851
ETH,2017-01-15 23:59:59,9.904259682
ETH,2017-01-16 23:59:59,9.636500359
ETH,2017-01-17 23:59:59,10.30230045
ETH,2017-01-18 23:59:59,10.22780037
ETH,2017-01-19 23:59:59,10.39719963
ETH,2017-01-20 23:59:59,10.60060024
ETH,2017-01-21 23:59:59,10.90919971
ETH,2017-01-22 23:59:59,10.70320034
ETH,2017-01-23 23:59:59,10.82079983
ETH,2017-01-24 23:59:59,10.63249969
ETH,2017-01-25 23:59:59,10.57050037
ETH,2017-01-26 23:59:59,10.58909988
ETH,2017-01-27 23:59:59,10.53730011
ETH,2017-01-28 23:59:59,10.56499958
ETH,2017-01-29 23:59:59,10.48400021
ETH,2017-01-30 23:59:59,10.57120037
ETH,2017-01-31 23:59:59,10.72749996
ETH,2017-02-01 23:59:59,10.73209953
ETH,2017-02-02 23:59:59,10.82139969
ETH,2017-02-03 23:59:59,11.11450005
ETH,2017-02-04 23:59:59,11.43350029
ETH,2017-02-05 23:59:59,11.35299969
ETH,2017-02-06 23:59:59,11.38939953
ETH,2017-02-07 23:59:59,11.5152998
ETH,2017-02-08 23:59:59,11.43120003
ETH,2017-02-09 23:59:59,11.03219986
ETH,2017-02-10 23:59:59,11.27890015
ETH,2017-02-11 23:59:59,11.3494997
ETH,2017-02-12 23:59:59,11.39920044
ETH,2017-02-13 23:59:59,11.26949978
ETH,2017-02-14 23:59:59,13.02519989
ETH,2017-02-15 23:59:59,12.91969967
ETH,2017-02-16 23:59:59,12.90369987
ETH,2017-02-17 23:59:59,12.67650032
ETH,2017-02-18 23:59:59,12.81019974
ETH,2017-02-19 23:59:59,12.7585001
ETH,2017-02-20 23:59:59,12.43010044
ETH,2017-02-21 23:59:59,12.66839981
ETH,2017-02-22 23:59:59,12.59969997
ETH,2017-02-23 23:59:59,13.11940002
ETH,2017-02-24 23:59:59,13.06919956
ETH,2017-02-25 23:59:59,13.54870033
ETH,2017-02-26 23:59:59,14.52000046
ETH,2017-02-27 23:59:59,15.39649963
ETH,2017-02-28 23:59:59,15.81719971
ETH,2017-03-01 23:59:59,17.34970093
ETH,2017-03-02 23:59:59,19.03019905
ETH,2017-03-03 23:59:59,19.45899963
ETH,2017-03-04 23:59:59,18.6189003
ETH,2017-03-05 23:59:59,19.3022995
ETH,2017-03-06 23:59:59,19.60569954
ETH,2017-03-07 23:59:59,18.8885994
ETH,2017-03-08 23:59:59,16.65130043
ETH,2017-03-09 23:59:59,17.75469971
ETH,2017-03-10 23:59:59,19.33230019
ETH,2017-03-11 23:59:59,21.47249985
ETH,2017-03-12 23:59:59,23.43770027
ETH,2017-03-13 23:59:59,28.59289932
ETH,2017-03-14 23:59:59,28.65460014
ETH,2017-03-15 23:59:59,35.05590057
ETH,2017-03-16 23:59:59,46.34579849
ETH,2017-03-17 23:59:59,46.82799911
ETH,2017-03-18 23:59:59,34.16019821
ETH,2017-03-19 23:59:59,44.74010086
ETH,2017-03-20 23:59:59,43.39020157
ETH,2017-03-21 23:59:59,43.14509964
ETH,2017-03-22 23:59:59,42.34209824
ETH,2017-03-23 23:59:59,43.67839813
ETH,2017-03-24 23:59:59,53.10749817
ETH,2017-03-25 23:59:59,51.25
ETH,2017-03-26 23:59:59,50.52159882
ETH,2017-03-27 23:59:59,49.66690063
ETH,2017-03-28 23:59:59,50.77489853
ETH,2017-03-29 23:59:59,53.12609863
ETH,2017-03-30 23:59:59,52.2057991
ETH,2017-03-31 23:59:59,50.03730011
ETH,2017-04-01 23:59:59,50.69950104
ETH,2017-04-02 23:59:59,48.74869919
ETH,2017-04-03 23:59:59,44.35639954
ETH,2017-04-04 23:59:59,44.64189911
ETH,2017-04-05 23:59:59,45.30400085
ETH,2017-04-06 23:59:59,43.24209976
ETH,2017-04-07 23:59:59,42.16260147
ETH,2017-04-08 23:59:59,44.30709839
ETH,2017-04-09 23:59:59,43.26699829
ETH,2017-04-10 23:59:59,43.43519974
ETH,2017-04-11 23:59:59,43.40719986
ETH,2017-04-12 23:59:59,46.28730011
ETH,2017-04-13 23:59:59,50.2193985
ETH,2017-04-14 23:59:59,47.57410049
ETH,2017-04-15 23:59:59,49.10150146
ETH,2017-04-16 23:59:59,48.71849823
ETH,2017-04-17 23:59:59,48.30459976
ETH,2017-04-18 23:59:59,50.70750046
ETH,2017-04-19 23:59:59,48.30530167
ETH,2017-04-20 23:59:59,49.67219925
ETH,2017-04-21 23:59:59,48.22439957
ETH,2017-04-22 23:59:59,48.5530014
ETH,2017-04-23 23:59:59,48.48929977
ETH,2017-04-24 23:59:59,50.03150177
ETH,2017-04-25 23:59:59,49.89120102
ETH,2017-04-26 23:59:59,52.72029877
ETH,2017-04-27 23:59:59,62.16770172
ETH,2017-04-28 23:59:59,70.15920258
ETH,2017-04-29 23:59:59,68.37689972
ETH,2017-04-30 23:59:59,79.02120209
ETH,2017-05-01 23:59:59,76.29699707
ETH,2017-05-02 23:59:59,77.26380157
ETH,2017-05-03 23:59:59,79.71820068
ETH,2017-05-04 23:59:59,96.98139954
ETH,2017-05-05 23:59:59,94.39849854
ETH,2017-05-06 23:59:59,97.81349945
ETH,2017-05-07 23:59:59,94.00730133
ETH,2017-05-08 23:59:59,91.42040253
ETH,2017-05-09 23:59:59,91.16290283
ETH,2017-05-10 23:59:59,89.52490234
ETH,2017-05-11 23:59:59,89.87969971
ETH,2017-05-12 23:59:59,88.65540314
ETH,2017-05-13 23:59:59,90.83540344
ETH,2017-05-14 23:59:59,90.78649902
ETH,2017-05-15 23:59:59,92.41490173
ETH,2017-05-16 23:59:59,89.43800354
ETH,2017-05-17 23:59:59,89.86039734
ETH,2017-05-18 23:59:59,96.90630341
ETH,2017-05-19 23:59:59,129.5269928
ETH,2017-05-20 23:59:59,126.5210037
ETH,2017-05-21 23:59:59,157.9369965
ETH,2017-05-22 23:59:59,174.2610016
ETH,2017-05-23 23:59:59,181.9519958
ETH,2017-05-24 23:59:59,190.0460052
ETH,2017-05-25 23:59:59,174.4459991
ETH,2017-05-26 23:59:59,160.4029999
ETH,2017-05-27 23:59:59,157.7579956
ETH,2017-05-28 23:59:59,170.5110016
ETH,2017-05-29 23:59:59,194.9089966
ETH,2017-05-30 23:59:59,231.9109955
ETH,2017-05-31 23:59:59,230.6690063
ETH,2017-06-01 23:59:59,222.2389984
ETH,2017-06-02 23:59:59,223.7749939
ETH,2017-06-03 23:59:59,224.3760071
ETH,2017-06-04 23:59:59,245.3320007
ETH,2017-06-05 23:59:59,248.4640045
ETH,2017-06-06 23:59:59,264.4660034
ETH,2017-06-07 23:59:59,258.0710144
ETH,2017-06-08 23:59:59,261.6659851
ETH,2017-06-09 23:59:59,281.7369995
ETH,2017-06-10 23:59:59,337.6679993
ETH,2017-06-11 23:59:59,340.6090088
ETH,2017-06-12 23:59:59,401.4899902
ETH,2017-06-13 23:59:59,397.5369873
ETH,2017-06-14 23:59:59,359.053009
ETH,2017-06-15 23:59:59,361.9330139
ETH,2017-06-16 23:59:59,370.2269897
ETH,2017-06-17 23:59:59,379.4140015
ETH,2017-06-18 23:59:59,371.4580078
ETH,2017-06-19 23:59:59,370.0559998
ETH,2017-06-20 23:59:59,359.0050049
ETH,2017-06-21 23:59:59,336.8720093
ETH,2017-06-22 23:59:59,336.3710022
ETH,2017-06-23 23:59:59,341.7390137
ETH,2017-06-24 23:59:59,323.6960144
ETH,2017-06-25 23:59:59,303.2479858
ETH,2017-06-26 23:59:59,272.6919861
ETH,2017-06-27 23:59:59,293.0880127
ETH,2017-06-28 23:59:59,327.927002
ETH,2017-06-29 23:59:59,302.8829956
ETH,2017-06-30 23:59:59,294.9159851
ETH,2017-07-01 23:59:59,274.6010132
ETH,2017-07-02 23:59:59,287.9869995
ETH,2017-07-03 23:59:59,282.8980103
ETH,2017-07-04 23:59:59,273.303009
ETH,2017-07-05 23:59:59,268.7739868
ETH,2017-07-06 23:59:59,270.5490112
ETH,2017-07-07 23:59:59,245.9909973
ETH,2017-07-08 23:59:59,251.6970062
ETH,2017-07-09 23:59:59,242.1369934
ETH,2017-07-10 23:59:59,215.3569946
ETH,2017-07-11 23:59:59,197.404007
ETH,2017-07-12 23:59:59,230.7740021
ETH,2017-07-13 23:59:59,209.7330017
ETH,2017-07-14 23:59:59,199.6620026
ETH,2017-07-15 23:59:59,170.6549988
ETH,2017-07-16 23:59:59,157.3630066
ETH,2017-07-17 23:59:59,193.423996
ETH,2017-07-18 23:59:59,234.3910065
ETH,2017-07-19 23:59:59,199.7030029
ETH,2017-07-20 23:59:59,227.2649994
ETH,2017-07-21 23:59:59,218.3049927
ETH,2017-07-22 23:59:59,229.4759979
ETH,2017-07-23 23:59:59,225.951004
ETH,2017-07-24 23:59:59,224.7109985
ETH,2017-07-25 23:59:59,206.7100067
ETH,2017-07-26 23:59:59,203.9530029
ETH,2017-07-27 23:59:59,204.3179932
ETH,2017-07-28 23:59:59,193.1230011
ETH,2017-07-29 23:59:59,205.7890015
ETH,2017-07-30 23:59:59,197.9779968
ETH,2017-07-31 23:59:59,203.8710022
ETH,2017-08-01 23:59:59,226.7689972
ETH,2017-08-02 23:59:59,219.9519958
ETH,2017-08-03 23:59:59,225.3419952
ETH,2017-08-04 23:59:59,223.072998
ETH,2017-08-05 23:59:59,256.5069885
ETH,2017-08-06 23:59:59,261.5669861
ETH,2017-08-07 23:59:59,269.1799927
ETH,2017-08-08 23:59:59,296.7690125
ETH,2017-08-09 23:59:59,296.0270081
ETH,2017-08-10 23:59:59,295.8919983
ETH,2017-08-11 23:59:59,308.8640137
ETH,2017-08-12 23:59:59,310.6010132
ETH,2017-08-13 23:59:59,298.0639954
ETH,2017-08-14 23:59:59,300.0969849
ETH,2017-08-15 23:59:59,289.8179932
ETH,2017-08-16 23:59:59,302.2669983
ETH,2017-08-17 23:59:59,301.4570007
ETH,2017-08-18 23:59:59,295.5899963
ETH,2017-08-19 23:59:59,297.4700012
ETH,2017-08-20 23:59:59,301.428009
ETH,2017-08-21 23:59:59,321.5910034
ETH,2017-08-22 23:59:59,314.7850037
ETH,2017-08-23 23:59:59,317.5190125
ETH,2017-08-24 23:59:59,325.6109924
ETH,2017-08-25 23:59:59,331.9150085
ETH,2017-08-26 23:59:59,333.8819885
ETH,2017-08-27 23:59:59,347.8930054
ETH,2017-08-28 23:59:59,347.7470093
ETH,2017-08-29 23:59:59,370.6669922
ETH,2017-08-30 23:59:59,378.4849854
ETH,2017-08-31 23:59:59,383.0419922
ETH,2017-09-01 23:59:59,387.7409973
ETH,2017-09-02 23:59:59,348.9840088
ETH,2017-09-03 23:59:59,347.4840088
ETH,2017-09-04 23:59:59,295.17099
ETH,2017-09-05 23:59:59,312.9880066
ETH,2017-09-06 23:59:59,334.3380127
ETH,2017-09-07 23:59:59,329.428009
ETH,2017-09-08 23:59:59,296.4970093
ETH,2017-09-09 23:59:59,294.4049988
ETH,2017-09-10 23:59:59,288.7470093
ETH,2017-09-11 23:59:59,294.5320129
ETH,2017-09-12 23:59:59,291.4639893
ETH,2017-09-13 23:59:59,277.1119995
ETH,2017-09-14 23:59:59,213.9080048
ETH,2017-09-15 23:59:59,250.4640045
ETH,2017-09-16 23:59:59,246.5220032
ETH,2017-09-17 23:59:59,251.7489929
ETH,2017-09-18 23:59:59,293.4970093
ETH,2017-09-19 23:59:59,282.8039856
ETH,2017-09-20 23:59:59,283.7420044
ETH,2017-09-21 23:59:59,258.5799866
ETH,2017-09-22 23:59:59,264.3099976
ETH,2017-09-23 23:59:59,286.1679993
ETH,2017-09-24 23:59:59,282.4830017
ETH,2017-09-25 23:59:59,292.3320007
ETH,2017-09-26 23:59:59,287.4379883
ETH,2017-09-27 23:59:59,306.4670105
ETH,2017-09-28 23:59:59,299.1549988
ETH,2017-09-29 23:59:59,291.4670105
ETH,2017-09-30 23:59:59,301.4649963
ETH,2017-10-01 23:59:59,302.3370056
ETH,2017-10-02 23:59:59,297.4750061
ETH,2017-10-03 23:59:59,292.4630127
ETH,2017-10-04 23:59:59,292.6579895
ETH,2017-10-05 23:59:59,295.8630066
ETH,2017-10-06 23:59:59,308.5880127
ETH,2017-10-07 23:59:59,311.1239929
ETH,2017-10-08 23:59:59,308.6080017
ETH,2017-10-09 23:59:59,297.3919983
ETH,2017-10-10 23:59:59,299.8699951
ETH,2017-10-11 23:59:59,303.4559937
ETH,2017-10-12 23:59:59,304.1359863
ETH,2017-10-13 23:59:59,338.7569885
ETH,2017-10-14 23:59:59,339.6279907
ETH,2017-10-15 23:59:59,336.5950012
ETH,2017-10-16 23:59:59,333.3840027
ETH,2017-10-17 23:59:59,317.0820007
ETH,2017-10-18 23:59:59,314.3190002
ETH,2017-10-19 23:59:59,308.0880127
ETH,2017-10-20 23:59:59,304.006012
ETH,2017-10-21 23:59:59,300.1870117
ETH,2017-10-22 23:59:59,295.4460144
ETH,2017-10-23 23:59:59,286.9500122
ETH,2017-10-24 23:59:59,298.3280029
ETH,2017-10-25 23:59:59,297.9249878
ETH,2017-10-26 23:59:59,296.5270081
ETH,2017-10-27 23:59:59,297.4230042
ETH,2017-10-28 23:59:59,296.2980042
ETH,2017-10-29 23:59:59,305.0880127
ETH,2017-10-30 23:59:59,307.7510071
ETH,2017-10-31 23:59:59,305.8789978
ETH,2017-11-01 23:59:59,291.6940002
ETH,2017-11-02 23:59:59,287.4289856
ETH,2017-11-03 23:59:59,305.7109985
ETH,2017-11-04 23:59:59,300.4689941
ETH,2017-11-05 23:59:59,296.2630005
ETH,2017-11-06 23:59:59,298.8919983
ETH,2017-11-07 23:59:59,294.6589966
ETH,2017-11-08 23:59:59,309.0700073
ETH,2017-11-09 23:59:59,320.8840027
ETH,2017-11-10 23:59:59,299.2529907
ETH,2017-11-11 23:59:59,314.6809998
ETH,2017-11-12 23:59:59,307.9079895
ETH,2017-11-13 23:59:59,316.7160034
ETH,2017-11-14 23:59:59,337.631012
ETH,2017-11-15 23:59:59,333.3569946
ETH,2017-11-16 23:59:59,330.9240112
ETH,2017-11-17 23:59:59,332.3940125
ETH,2017-11-18 23:59:59,347.6119995
ETH,2017-11-19 23:59:59,354.3859863
ETH,2017-11-20 23:59:59,366.730011
ETH,2017-11-21 23:59:59,360.401001
ETH,2017-11-22 23:59:59,380.6520081
ETH,2017-11-23 23:59:59,410.1659851
ETH,2017-11-24 23:59:59,474.9110107
ETH,2017-11-25 23:59:59,466.276001
ETH,2017-11-26 23:59:59,471.3299866
ETH,2017-11-27 23:59:59,480.355011
ETH,2017-11-28 23:59:59,472.9020081
ETH,2017-11-29 23:59:59,427.5230103
ETH,2017-11-30 23:59:59,447.1140137
ETH,2017-12-01 23:59:59,466.5400085
ETH,2017-12-02 23:59:59,463.4490051
ETH,2017-12-03 23:59:59,465.8529968
ETH,2017-12-04 23:59:59,470.20401
ETH,2017-12-05 23:59:59,463.2810059
ETH,2017-12-06 23:59:59,428.5880127
ETH,2017-12-07 23:59:59,434.4079895
ETH,2017-12-08 23:59:59,456.0310059
ETH,2017-12-09 23:59:59,473.5020142
ETH,2017-12-10 23:59:59,441.7210083
ETH,2017-12-11 23:59:59,515.1359863
ETH,2017-12-12 23:59:59,651.4310303
ETH,2017-12-13 23:59:59,702.7670288
ETH,2017-12-14 23:59:59,695.815979
ETH,2017-12-15 23:59:59,684.447998
ETH,2017-12-16 23:59:59,696.2089844
ETH,2017-12-17 23:59:59,719.9749756
ETH,2017-12-18 23:59:59,794.6450195
ETH,2017-12-19 23:59:59,826.822998
ETH,2017-12-20 23:59:59,819.0859985
ETH,2017-12-21 23:59:59,821.0629883
ETH,2017-12-22 23:59:59,674.8599854
ETH,2017-12-23 23:59:59,719.3870239
ETH,2017-12-24 23:59:59,694.1480103
ETH,2017-12-25 23:59:59,765.8339844
ETH,2017-12-26 23:59:59,773.8359985
ETH,2017-12-27 23:59:59,762.84198
ETH,2017-12-28 23:59:59,737.0230103
ETH,2017-12-29 23:59:59,753.59198
ETH,2017-12-30 23:59:59,717.257019
ETH,2017-12-31 23:59:59,756.7329712
ETH,2018-01-01 23:59:59,772.6409912
ETH,2018-01-02 23:59:59,884.4439697
ETH,2018-01-03 23:59:59,962.7199707
ETH,2018-01-04 23:59:59,980.9219971
ETH,2018-01-05 23:59:59,997.7199707
ETH,2018-01-06 23:59:59,1041.680054
ETH,2018-01-07 23:59:59,1153.170044
ETH,2018-01-08 23:59:59,1148.530029
ETH,2018-01-09 23:59:59,1299.73999
ETH,2018-01-10 23:59:59,1255.819946
ETH,2018-01-11 23:59:59,1154.930054
ETH,2018-01-12 23:59:59,1273.199951
ETH,2018-01-13 23:59:59,1396.420044
ETH,2018-01-14 23:59:59,1366.77002
ETH,2018-01-15 23:59:59,1291.920044
ETH,2018-01-16 23:59:59,1053.689941
ETH,2018-01-17 23:59:59,1014.25
ETH,2018-01-18 23:59:59,1036.280029
ETH,2018-01-19 23:59:59,1039.099976
ETH,2018-01-20 23:59:59,1155.150024
ETH,2018-01-21 23:59:59,1049.579956
ETH,2018-01-22 23:59:59,1003.26001
ETH,2018-01-23 23:59:59,986.2290039
ETH,2018-01-24 23:59:59,1058.780029
ETH,2018-01-25 23:59:59,1056.030029
ETH,2018-01-26 23:59:59,1055.170044
ETH,2018-01-27 23:59:59,1107.069946
ETH,2018-01-28 23:59:59,1246.01001
ETH,2018-01-29 23:59:59,1182.359985
ETH,2018-01-30 23:59:59,1071.130005
ETH,2018-01-31 23:59:59,1118.310059
ETH,2018-02-01 23:59:59,1036.790039
ETH,2018-02-02 23:59:59,915.7849731
ETH,2018-02-03 23:59:59,964.0189819
ETH,2018-02-04 23:59:59,834.6820068
ETH,2018-02-05 23:59:59,697.9509888
ETH,2018-02-06 23:59:59,793.1220093
ETH,2018-02-07 23:59:59,757.0679932
ETH,2018-02-08 23:59:59,817.8070068
ETH,2018-02-09 23:59:59,883.8649902
ETH,2018-02-10 23:59:59,860.414978
ETH,2018-02-11 23:59:59,814.6599731
ETH,2018-02-12 23:59:59,868.7069702
ETH,2018-02-13 23:59:59,845.2579956
ETH,2018-02-14 23:59:59,923.5609741
ETH,2018-02-15 23:59:59,936.9760132
ETH,2018-02-16 23:59:59,944.210022
ETH,2018-02-17 23:59:59,974.1149902
ETH,2018-02-18 23:59:59,923.9210205
ETH,2018-02-19 23:59:59,943.8649902
ETH,2018-02-20 23:59:59,895.3709717
ETH,2018-02-21 23:59:59,849.9710083
ETH,2018-02-22 23:59:59,812.8449707
ETH,2018-02-23 23:59:59,864.1890259
ETH,2018-02-24 23:59:59,840.5150146
ETH,2018-02-25 23:59:59,844.8099976
ETH,2018-02-26 23:59:59,869.3150024
ETH,2018-02-27 23:59:59,878.2650146
ETH,2018-02-28 23:59:59,855.1989746
ETH,2018-03-01 23:59:59,872.2000122
ETH,2018-03-02 23:59:59,856.8530273
ETH,2018-03-03 23:59:59,857.2249756
ETH,2018-03-04 23:59:59,866.6779785
ETH,2018-03-05 23:59:59,853.684021
ETH,2018-03-06 23:59:59,816.9509888
ETH,2018-03-07 23:59:59,752.8309937
ETH,2018-03-08 23:59:59,704.5960083
ETH,2018-03-09 23:59:59,728.9160156
ETH,2018-03-10 23:59:59,686.8900146
ETH,2018-03-11 23:59:59,723.3389893
ETH,2018-03-12 23:59:59,699.8309937
ETH,2018-03-13 23:59:59,690.8270264
ETH,2018-03-14 23:59:59,614.2910156
ETH,2018-03-15 23:59:59,611.3040161
ETH,2018-03-16 23:59:59,601.6660156
ETH,2018-03-17 23:59:59,552.7789917
ETH,2018-03-18 23:59:59,538.6439819
ETH,2018-03-19 23:59:59,556.7260132
ETH,2018-03-20 23:59:59,557.1749878
ETH,2018-03-21 23:59:59,561.7319946
ETH,2018-03-22 23:59:59,539.7020264
ETH,2018-03-23 23:59:59,539.6190186
ETH,2018-03-24 23:59:59,526.4390259
ETH,2018-03-25 23:59:59,524.2869873
ETH,2018-03-26 23:59:59,489.9509888
ETH,2018-03-27 23:59:59,450.1159973
ETH,2018-03-28 23:59:59,446.2789917
ETH,2018-03-29 23:59:59,385.9679871
ETH,2018-03-30 23:59:59,394.644989
ETH,2018-03-31 23:59:59,396.4570007
ETH,2018-04-01 23:59:59,379.6069946
ETH,2018-04-02 23:59:59,386.4249878
ETH,2018-04-03 23:59:59,416.8930054
ETH,2018-04-04 23:59:59,380.5429993
ETH,2018-04-05 23:59:59,383.2319946
ETH,2018-04-06 23:59:59,370.2850037
ETH,2018-04-07 23:59:59,385.3139954
ETH,2018-04-08 23:59:59,400.5079956
ETH,2018-04-09 23:59:59,398.526001
ETH,2018-04-10 23:59:59,414.2430115
ETH,2018-04-11 23:59:59,430.5400085
ETH,2018-04-12 23:59:59,492.9410095
ETH,2018-04-13 23:59:59,492.7349854
ETH,2018-04-14 23:59:59,501.4779968
ETH,2018-04-15 23:59:59,531.7020264
ETH,2018-04-16 23:59:59,511.1470032
ETH,2018-04-17 23:59:59,502.8940125
ETH,2018-04-18 23:59:59,524.7890015
ETH,2018-04-19 23:59:59,567.8889771
ETH,2018-04-20 23:59:59,615.7180176
ETH,2018-04-21 23:59:59,605.3950195
ETH,2018-04-22 23:59:59,621.8599854
ETH,2018-04-23 23:59:59,642.5479736
ETH,2018-04-24 23:59:59,708.15802
ETH,2018-04-25 23:59:59,615.4160156
ETH,2018-04-26 23:59:59,662.809021
ETH,2018-04-27 23:59:59,647.0319824
ETH,2018-04-28 23:59:59,683.6779785
ETH,2018-04-29 23:59:59,688.8809814
ETH,2018-04-30 23:59:59,669.9240112
ETH,2018-05-01 23:59:59,673.6129761
ETH,2018-05-02 23:59:59,687.1489868
ETH,2018-05-03 23:59:59,779.5430298
ETH,2018-05-04 23:59:59,785.6240234
ETH,2018-05-05 23:59:59,816.1199951
ETH,2018-05-06 23:59:59,792.3109741
ETH,2018-05-07 23:59:59,753.7249756
ETH,2018-05-08 23:59:59,752.8569946
ETH,2018-05-09 23:59:59,752.2750244
ETH,2018-05-10 23:59:59,727.2769775
ETH,2018-05-11 23:59:59,679.5859985
ETH,2018-05-12 23:59:59,686.0479736
ETH,2018-05-13 23:59:59,733.4959717
ETH,2018-05-14 23:59:59,730.5490112
ETH,2018-05-15 23:59:59,708.8709717
ETH,2018-05-16 23:59:59,707.0499878
ETH,2018-05-17 23:59:59,672.6569824
ETH,2018-05-18 23:59:59,694.3670044
ETH,2018-05-19 23:59:59,696.5300293
ETH,2018-05-20 23:59:59,715.3690186
ETH,2018-05-21 23:59:59,699.2219849
ETH,2018-05-22 23:59:59,647.7410278
ETH,2018-05-23 23:59:59,583.585022
ETH,2018-05-24 23:59:59,601.7550049
ETH,2018-05-25 23:59:59,586.7340088
ETH,2018-05-26 23:59:59,587.2800293
ETH,2018-05-27 23:59:59,572.6680298
ETH,2018-05-28 23:59:59,516.0360107
ETH,2018-05-29 23:59:59,565.3880005
ETH,2018-05-30 23:59:59,559.5900269
ETH,2018-05-31 23:59:59,577.6450195
ETH,2018-06-01 23:59:59,580.0430298
ETH,2018-06-02 23:59:59,591.8079834
ETH,2018-06-03 23:59:59,618.3289795
ETH,2018-06-04 23:59:59,592.9849854
ETH,2018-06-05 23:59:59,609.3029785
ETH,2018-06-06 23:59:59,607.1240234
ETH,2018-06-07 23:59:59,605.1870117
ETH,2018-06-08 23:59:59,601.0770264
ETH,2018-06-09 23:59:59,597.5620117
ETH,2018-06-10 23:59:59,526.4790039
ETH,2018-06-11 23:59:59,533.2839966
ETH,2018-06-12 23:59:59,496.8429871
ETH,2018-06-13 23:59:59,477.493988
ETH,2018-06-14 23:59:59,519.7420044
ETH,2018-06-15 23:59:59,491.0039978
ETH,2018-06-16 23:59:59,499.6419983
ETH,2018-06-17 23:59:59,500.447998
ETH,2018-06-18 23:59:59,518.8909912
ETH,2018-06-19 23:59:59,537.9569702
ETH,2018-06-20 23:59:59,536.2680054
ETH,2018-06-21 23:59:59,527.3670044
ETH,2018-06-22 23:59:59,465.8169861
ETH,2018-06-23 23:59:59,474.519989
ETH,2018-06-24 23:59:59,457.6719971
ETH,2018-06-25 23:59:59,460.3099976
ETH,2018-06-26 23:59:59,432.7720032
ETH,2018-06-27 23:59:59,442.3649902
ETH,2018-06-28 23:59:59,422.3649902
ETH,2018-06-29 23:59:59,436.0090027
ETH,2018-06-30 23:59:59,455.1799927
ETH,2018-07-01 23:59:59,453.9179993
ETH,2018-07-02 23:59:59,475.3469849
ETH,2018-07-03 23:59:59,464.1950073
ETH,2018-07-04 23:59:59,467.3179932
ETH,2018-07-05 23:59:59,474.4119873
ETH,2018-07-06 23:59:59,474.0119934
ETH,2018-07-07 23:59:59,491.6600037
ETH,2018-07-08 23:59:59,489.118988
ETH,2018-07-09 23:59:59,476.6820068
ETH,2018-07-10 23:59:59,434.4240112
ETH,2018-07-11 23:59:59,446.5180054
ETH,2018-07-12 23:59:59,430.0740051
ETH,2018-07-13 23:59:59,434.0270081
ETH,2018-07-14 23:59:59,436.0859985
ETH,2018-07-15 23:59:59,449.8500061
ETH,2018-07-16 23:59:59,480.6579895
ETH,2018-07-17 23:59:59,501.0020142
ETH,2018-07-18 23:59:59,480.5130005
ETH,2018-07-19 23:59:59,469.618988
ETH,2018-07-20 23:59:59,450.697998
ETH,2018-07-21 23:59:59,462.4360046
ETH,2018-07-22 23:59:59,459.6570129
ETH,2018-07-23 23:59:59,450.8529968
ETH,2018-07-24 23:59:59,479.3729858
ETH,2018-07-25 23:59:59,472.4930115
ETH,2018-07-26 23:59:59,464.0369873
ETH,2018-07-27 23:59:59,469.6659851
ETH,2018-07-28 23:59:59,466.8980103
ETH,2018-07-29 23:59:59,466.6650085
ETH,2018-07-30 23:59:59,457.081
ETH,2018-07-31 23:59:59,433.867
ETH,2018-08-01 23:59:59,420.747
ETH,2018-08-02 23:59:59,412.621
ETH,2018-08-03 23:59:59,418.262
ETH,2018-08-04 23:59:59,407.252
ETH,2018-08-05 23:59:59,410.516
ETH,2018-08-06 23:59:59,406.658
ETH,2018-08-07 23:59:59,380.215
ETH,2018-08-08 23:59:59,356.613
ETH,2018-08-09 23:59:59,365.588
ETH,2018-08-10 23:59:59,334.176
ETH,2018-08-11 23:59:59,322.112
ETH,2018-08-12 23:59:59,319.57
ETH,2018-08-13 23:59:59,286.495
ETH,2018-08-14 23:59:59,278.932
ETH,2018-08-15 23:59:59,282.364
ETH,2018-08-16 23:59:59,288.046
ETH,2018-08-17 23:59:59,315.729
ETH,2018-08-18 23:59:59,295.812
ETH,2018-08-19 23:59:59,300.834
ETH,2018-08-20 23:59:59,274.315
ETH,2018-08-21 23:59:59,281.944
ETH,2018-08-22 23:59:59,271.341
ETH,2018-08-23 23:59:59,277.104
ETH,2018-08-24 23:59:59,282.967
ETH,2018-08-25 23:59:59,279.646
ETH,2018-08-26 23:59:59,275.197
ETH,2018-08-27 23:59:59,285.603
ETH,2018-08-28 23:59:59,296.499
ETH,2018-08-29 23:59:59,289.312
ETH,2018-08-30 23:59:59,284.105
ETH,2018-08-31 23:59:59,283.004
ETH,2018-09-01 23:59:59,295.341
ETH,2018-09-02 23:59:59,294.371
ETH,2018-09-03 23:59:59,289.259
ETH,2018-09-04 23:59:59,285.723
ETH,2018-09-05 23:59:59,232.331
ETH,2018-09-06 23:59:59,230.215
ETH,2018-09-07 23:59:59,217.203
ETH,2018-09-08 23:59:59,197.951
ETH,2018-09-09 23:59:59,196.924
ETH,2018-09-10 23:59:59,197.079
ETH,2018-09-11 23:59:59,185.066
ETH,2018-09-12 23:59:59,183.331
ETH,2018-09-13 23:59:59,211.354
ETH,2018-09-14 23:59:59,211.749
ETH,2018-09-15 23:59:59,223.074
ETH,2018-09-16 23:59:59,220.589
ETH,2018-09-17 23:59:59,197.875
ETH,2018-09-18 23:59:59,209.975
ETH,2018-09-19 23:59:59,209.969
ETH,2018-09-20 23:59:59,224.591
ETH,2018-09-21 23:59:59,246.584
ETH,2018-09-22 23:59:59,240.48
ETH,2018-09-23 23:59:59,244.33
ETH,2018-09-24 23:59:59,228.73
ETH,2018-09-25 23:59:59,218.505
ETH,2018-09-26 23:59:59,215.847
ETH,2018-09-27 23:59:59,228.494
ETH,2018-09-28 23:59:59,222.402
ETH,2018-09-29 23:59:59,231.635
ETH,2018-09-30 23:59:59,232.848
ETH,2018-10-01 23:59:59,230.768
ETH,2018-10-02 23:59:59,227.181
ETH,2018-10-03 23:59:59,220.489
ETH,2018-10-04 23:59:59,222.218
ETH,2018-10-05 23:59:59,227.601
ETH,2018-10-06 23:59:59,225.12
ETH,2018-10-07 23:59:59,226.119
ETH,2018-10-08 23:59:59,229.255
ETH,2018-10-09 23:59:59,227.982
ETH,2018-10-10 23:59:59,225.769
ETH,2018-10-11 23:59:59,189.499
ETH,2018-10-12 23:59:59,196.727
ETH,2018-10-13 23:59:59,199.841
ETH,2018-10-14 23:59:59,195.715
ETH,2018-10-15 23:59:59,209.704
ETH,2018-10-16 23:59:59,210.12
ETH,2018-10-17 23:59:59,207.083
ETH,2018-10-18 23:59:59,203.352
ETH,2018-10-19 23:59:59,203.727
ETH,2018-10-20 23:59:59,205.43
ETH,2018-10-21 23:59:59,205.142
ETH,2018-10-22 23:59:59,204.044
ETH,2018-10-23 23:59:59,204.336
ETH,2018-10-24 23:59:59,203.852
ETH,2018-10-25 23:59:59,202.719
ETH,2018-10-26 23:59:59,203.329
ETH,2018-10-27 23:59:59,204.21
ETH,2018-10-28 23:59:59,205.366
ETH,2018-10-29 23:59:59,197.247
ETH,2018-10-30 23:59:59,197.556
ETH,2018-10-31 23:59:59,197.381
ETH,2018-11-01 23:59:59,198.872
ETH,2018-11-02 23:59:59,200.635
ETH,2018-11-03 23:59:59,200.186
ETH,2018-11-04 23:59:59,207.486
ETH,2018-11-05 23:59:59,209.091
ETH,2018-11-06 23:59:59,218.452
ETH,2018-11-07 23:59:59,217.183
ETH,2018-11-08 23:59:59,212.231
ETH,2018-11-09 23:59:59,210.074
ETH,2018-11-10 23:59:59,212.533
ETH,2018-11-11 23:59:59,211.34
ETH,2018-11-12 23:59:59,210.418
ETH,2018-11-13 23:59:59,206.826
ETH,2018-11-14 23:59:59,181.397
ETH,2018-11-15 23:59:59,180.806
ETH,2018-11-16 23:59:59,175.177
ETH,2018-11-17 23:59:59,174.001
ETH,2018-11-18 23:59:59,177.067
ETH,2018-11-19 23:59:59,149.175
ETH,2018-11-20 23:59:59,130.339
ETH,2018-11-21 23:59:59,136.701
ETH,2018-11-22 23:59:59,126.706
ETH,2018-11-23 23:59:59,123.296
ETH,2018-11-24 23:59:59,113.494
ETH,2018-11-25 23:59:59,116.45
ETH,2018-11-26 23:59:59,108.335
ETH,2018-11-27 23:59:59,110.01
ETH,2018-11-28 23:59:59,122.438
ETH,2018-11-29 23:59:59,117.5426452
ETH,2018-11-30 23:59:59,113.1714211
ETH,2018-12-01 23:59:59,118.6355586
ETH,2018-12-02 23:59:59,116.3888993
ETH,2018-12-03 23:59:59,108.9250178
ETH,2018-12-04 23:59:59,110.2141896
ETH,2018-12-05 23:59:59,102.4755556
ETH,2018-12-06 23:59:59,91.76105616
ETH,2018-12-07 23:59:59,93.29456401
ETH,2018-12-08 23:59:59,92.15963969
ETH,2018-12-09 23:59:59,95.14205948
ETH,2018-12-10 23:59:59,91.68565676
ETH,2018-12-11 23:59:59,88.94530321
ETH,2018-12-12 23:59:59,90.59330191
ETH,2018-12-13 23:59:59,86.53931489
ETH,2018-12-14 23:59:59,84.30829593
ETH,2018-12-15 23:59:59,84.44080953
ETH,2018-12-16 23:59:59,85.26209693
ETH,2018-12-17 23:59:59,95.13382712
ETH,2018-12-18 23:59:59,101.1124558
ETH,2018-12-19 23:59:59,101.2685752
ETH,2018-12-20 23:59:59,116.2168701
ETH,2018-12-21 23:59:59,109.4962336
ETH,2018-12-22 23:59:59,116.7594992
ETH,2018-12-23 23:59:59,130.7652598
ETH,2018-12-24 23:59:59,140.2380026
ETH,2018-12-25 23:59:59,129.8443518
ETH,2018-12-26 23:59:59,131.8656274
ETH,2018-12-27 23:59:59,116.5759105
ETH,2018-12-28 23:59:59,137.6470133
ETH,2018-12-29 23:59:59,138.0183348
ETH,2018-12-30 23:59:59,139.8594529
ETH,2018-12-31 23:59:59,133.3682634
ETH,2019-01-01 23:59:59,140.8194132
ETH,2019-01-02 23:59:59,155.0476772
ETH,2019-01-03 23:59:59,149.1350034
ETH,2019-01-04 23:59:59,154.5819423
ETH,2019-01-05 23:59:59,155.6385895
ETH,2019-01-06 23:59:59,157.7461993
ETH,2019-01-07 23:59:59,151.6992135
ETH,2019-01-08 23:59:59,150.3596334
ETH,2019-01-09 23:59:59,150.8031105
ETH,2019-01-10 23:59:59,128.6251859
ETH,2019-01-11 23:59:59,127.5483249
ETH,2019-01-12 23:59:59,125.9665328
ETH,2019-01-13 23:59:59,116.8978015
ETH,2019-01-14 23:59:59,129.0687326
ETH,2019-01-15 23:59:59,122.0327123
ETH,2019-01-16 23:59:59,123.5470615
ETH,2019-01-17 23:59:59,123.7419217
ETH,2019-01-18 23:59:59,121.0102652
ETH,2019-01-19 23:59:59,124.5190212
ETH,2019-01-20 23:59:59,119.474829
ETH,2019-01-21 23:59:59,117.1578522
ETH,2019-01-22 23:59:59,118.7475509
ETH,2019-01-23 23:59:59,117.4526092
ETH,2019-01-24 23:59:59,117.3628864
ETH,2019-01-25 23:59:59,116.3783436
ETH,2019-01-26 23:59:59,116.4887385
ETH,2019-01-27 23:59:59,113.4052919
ETH,2019-01-28 23:59:59,106.5899768
ETH,2019-01-29 23:59:59,105.5982138
ETH,2019-01-30 23:59:59,108.9075398
ETH,2019-01-31 23:59:59,107.0610131
ETH,2019-02-01 23:59:59,107.6097869
ETH,2019-02-02 23:59:59,110.4302619
ETH,2019-02-03 23:59:59,107.4926715
ETH,2019-02-04 23:59:59,107.8216034
ETH,2019-02-05 23:59:59,107.4435202
ETH,2019-02-06 23:59:59,104.9192899
ETH,2019-02-07 23:59:59,104.5352986
ETH,2019-02-08 23:59:59,119.2677489
ETH,2019-02-09 23:59:59,119.4308833
ETH,2019-02-10 23:59:59,124.8064849
ETH,2019-02-11 23:59:59,121.298396
ETH,2019-02-12 23:59:59,122.5722911
ETH,2019-02-13 23:59:59,122.5536026
ETH,2019-02-14 23:59:59,121.3902037
ETH,2019-02-15 23:59:59,122.1003874
ETH,2019-02-16 23:59:59,123.2602131
ETH,2019-02-17 23:59:59,133.598883
ETH,2019-02-18 23:59:59,146.098371
ETH,2019-02-19 23:59:59,145.3461836
ETH,2019-02-20 23:59:59,149.554344
ETH,2019-02-21 23:59:59,146.1308443
ETH,2019-02-22 23:59:59,149.0924543
ETH,2019-02-23 23:59:59,158.7954298
ETH,2019-02-24 23:59:59,135.8526536
ETH,2019-02-25 23:59:59,139.8228555
ETH,2019-02-26 23:59:59,138.089682
ETH,2019-02-27 23:59:59,136.1259545
ETH,2019-02-28 23:59:59,136.746252
ETH,2019-03-01 23:59:59,136.4436228
ETH,2019-03-02 23:59:59,134.2069553
ETH,2019-03-03 23:59:59,132.2494171
ETH,2019-03-04 23:59:59,127.7741213
ETH,2019-03-05 23:59:59,137.8223848
ETH,2019-03-06 23:59:59,138.7893541
ETH,2019-03-07 23:59:59,138.0345024
ETH,2019-03-08 23:59:59,135.127075
ETH,2019-03-09 23:59:59,137.9653356
ETH,2019-03-10 23:59:59,136.7586831
ETH,2019-03-11 23:59:59,133.8340316
ETH,2019-03-12 23:59:59,134.4428887
ETH,2019-03-13 23:59:59,133.2630762
ETH,2019-03-14 23:59:59,133.7115998
ETH,2019-03-15 23:59:59,137.6917838
ETH,2019-03-16 23:59:59,142.3981758
ETH,2019-03-17 23:59:59,140.0005495
ETH,2019-03-18 23:59:59,139.3746006
ETH,2019-03-19 23:59:59,140.5191992
ETH,2019-03-20 23:59:59,140.6863617
ETH,2019-03-21 23:59:59,136.6360607
ETH,2019-03-22 23:59:59,137.181435
ETH,2019-03-23 23:59:59,138.2398746
ETH,2019-03-24 23:59:59,136.9869252
ETH,2019-03-25 23:59:59,135.0310275
ETH,2019-03-26 23:59:59,135.4603529
ETH,2019-03-27 23:59:59,140.9881575
ETH,2019-03-28 23:59:59,139.4164776
ETH,2019-03-29 23:59:59,142.4974171
ETH,2019-03-30 23:59:59,142.0926806
ETH,2019-03-31 23:59:59,141.5140941
ETH,2019-04-01 23:59:59,141.8303243
ETH,2019-04-02 23:59:59,163.9617418
ETH,2019-04-03 23:59:59,161.4588013
ETH,2019-04-04 23:59:59,158.0525378
ETH,2019-04-05 23:59:59,165.5148459
ETH,2019-04-06 23:59:59,165.947208
ETH,2019-04-07 23:59:59,174.5316474
ETH,2019-04-08 23:59:59,180.2588154
ETH,2019-04-09 23:59:59,176.1145745
ETH,2019-04-10 23:59:59,177.3374765
ETH,2019-04-11 23:59:59,165.4970174
ETH,2019-04-12 23:59:59,164.7363234
ETH,2019-04-13 23:59:59,164.5133499
ETH,2019-04-14 23:59:59,167.8385207
ETH,2019-04-15 23:59:59,161.5741783
ETH,2019-04-16 23:59:59,167.6234412
ETH,2019-04-17 23:59:59,166.9507616
ETH,2019-04-18 23:59:59,173.8140324
ETH,2019-04-19 23:59:59,173.7084412
ETH,2019-04-20 23:59:59,173.7512654
ETH,2019-04-21 23:59:59,170.0465218
ETH,2019-04-22 23:59:59,171.8746696
ETH,2019-04-23 23:59:59,171.4477988
ETH,2019-04-24 23:59:59,165.8260906
ETH,2019-04-25 23:59:59,154.4594
ETH,2019-04-26 23:59:59,156.3470873
ETH,2019-04-27 23:59:59,158.4349324
ETH,2019-04-28 23:59:59,157.295074
ETH,2019-04-29 23:59:59,155.2019955
ETH,2019-04-30 23:59:59,162.1660371
ETH,2019-05-01 23:59:59,160.8183443
ETH,2019-05-02 23:59:59,162.1227913
ETH,2019-05-03 23:59:59,167.9524086
ETH,2019-05-04 23:59:59,164.0265805
ETH,2019-05-05 23:59:59,163.450697
ETH,2019-05-06 23:59:59,172.653208
ETH,2019-05-07 23:59:59,169.7986574
ETH,2019-05-08 23:59:59,170.9481682
ETH,2019-05-09 23:59:59,170.2893016
ETH,2019-05-10 23:59:59,173.142739
ETH,2019-05-11 23:59:59,194.3043415
ETH,2019-05-12 23:59:59,187.3253227
ETH,2019-05-13 23:59:59,196.8462769
ETH,2019-05-14 23:59:59,217.1485717
ETH,2019-05-15 23:59:59,247.1530654
ETH,2019-05-16 23:59:59,264.0100231
ETH,2019-05-17 23:59:59,243.7645934
ETH,2019-05-18 23:59:59,234.5952296
ETH,2019-05-19 23:59:59,261.2922193
ETH,2019-05-20 23:59:59,251.8644167
ETH,2019-05-21 23:59:59,255.2158759
ETH,2019-05-22 23:59:59,244.6989116
ETH,2019-05-23 23:59:59,245.9656721
ETH,2019-05-24 23:59:59,249.484985
ETH,2019-05-25 23:59:59,251.7598723
ETH,2019-05-26 23:59:59,267.0696446
ETH,2019-05-27 23:59:59,272.8626436
ETH,2019-05-28 23:59:59,271.7687108
ETH,2019-05-29 23:59:59,269.4557018
ETH,2019-05-30 23:59:59,255.8589485
ETH,2019-05-31 23:59:59,268.1135603
ETH,2019-06-01 23:59:59,265.3912607
ETH,2019-06-02 23:59:59,270.225528
ETH,2019-06-03 23:59:59,252.6079298
ETH,2019-06-04 23:59:59,241.3387863
ETH,2019-06-05 23:59:59,247.0510166
ETH,2019-06-06 23:59:59,249.4743387
ETH,2019-06-07 23:59:59,250.9303604
ETH,2019-06-08 23:59:59,245.7380914
ETH,2019-06-09 23:59:59,233.0866982
ETH,2019-06-10 23:59:59,247.5201251
ETH,2019-06-11 23:59:59,245.7818279
ETH,2019-06-12 23:59:59,260.9033037
ETH,2019-06-13 23:59:59,256.1687923
ETH,2019-06-14 23:59:59,264.0874578
ETH,2019-06-15 23:59:59,269.0193223
ETH,2019-06-16 23:59:59,269.2232015
ETH,2019-06-17 23:59:59,274.3511151
ETH,2019-06-18 23:59:59,265.0518577
ETH,2019-06-19 23:59:59,269.4317979
ETH,2019-06-20 23:59:59,271.6950172
ETH,2019-06-21 23:59:59,294.9102796
ETH,2019-06-22 23:59:59,309.3803053
ETH,2019-06-23 23:59:59,307.8277841
ETH,2019-06-24 23:59:59,310.4246692
ETH,2019-06-25 23:59:59,318.12631
ETH,2019-06-26 23:59:59,336.7531884
ETH,2019-06-27 23:59:59,294.267645
ETH,2019-06-28 23:59:59,311.2261033
ETH,2019-06-29 23:59:59,320.0589143
ETH,2019-06-30 23:59:59,290.6959989
ETH,2019-07-01 23:59:59,293.6411173
ETH,2019-07-02 23:59:59,291.5964408
ETH,2019-07-03 23:59:59,303.0999651
ETH,2019-07-04 23:59:59,284.5232114
ETH,2019-07-05 23:59:59,287.9975234
ETH,2019-07-06 23:59:59,287.5471259
ETH,2019-07-07 23:59:59,305.7005597
ETH,2019-07-08 23:59:59,313.2514039
ETH,2019-07-09 23:59:59,308.8810167
ETH,2019-07-10 23:59:59,290.0023183
ETH,2019-07-11 23:59:59,268.7040399
ETH,2019-07-12 23:59:59,276.2767108
ETH,2019-07-13 23:59:59,269.4588106
ETH,2019-07-14 23:59:59,227.5780707
ETH,2019-07-15 23:59:59,229.7759958
ETH,2019-07-16 23:59:59,199.1886753
ETH,2019-07-17 23:59:59,211.4849629
ETH,2019-07-18 23:59:59,226.5661591
ETH,2019-07-19 23:59:59,221.3334213
ETH,2019-07-20 23:59:59,229.1192217
ETH,2019-07-21 23:59:59,225.6307687
ETH,2019-07-22 23:59:59,217.5600202
ETH,2019-07-23 23:59:59,212.7285229
ETH,2019-07-24 23:59:59,217.0463683
ETH,2019-07-25 23:59:59,219.6179949
ETH,2019-07-26 23:59:59,219.6296029
ETH,2019-07-27 23:59:59,207.4083173
ETH,2019-07-28 23:59:59,211.186552
ETH,2019-07-29 23:59:59,211.268058
ETH,2019-07-30 23:59:59,210.5226036
ETH,2019-07-31 23:59:59,218.6541458
ETH,2019-08-01 23:59:59,217.8084434
ETH,2019-08-02 23:59:59,217.8715617
ETH,2019-08-03 23:59:59,222.4903354
ETH,2019-08-04 23:59:59,222.6697267
ETH,2019-08-05 23:59:59,234.2150271
ETH,2019-08-06 23:59:59,226.02065
ETH,2019-08-07 23:59:59,226.3910078
ETH,2019-08-08 23:59:59,220.941859
ETH,2019-08-09 23:59:59,210.4889133
ETH,2019-08-10 23:59:59,206.7335343
ETH,2019-08-11 23:59:59,216.0928718
ETH,2019-08-12 23:59:59,211.288064
ETH,2019-08-13 23:59:59,208.7090407
ETH,2019-08-14 23:59:59,186.6077412
ETH,2019-08-15 23:59:59,188.5020601
ETH,2019-08-16 23:59:59,185.4400734
ETH,2019-08-17 23:59:59,185.6876793
ETH,2019-08-18 23:59:59,194.4935305
ETH,2019-08-19 23:59:59,203.0919326
ETH,2019-08-20 23:59:59,196.5654081
ETH,2019-08-21 23:59:59,186.8916305
ETH,2019-08-22 23:59:59,191.3329125
ETH,2019-08-23 23:59:59,194.7062086
ETH,2019-08-24 23:59:59,191.2895627
ETH,2019-08-25 23:59:59,186.8423926
ETH,2019-08-26 23:59:59,188.929375
ETH,2019-08-27 23:59:59,187.5166613
ETH,2019-08-28 23:59:59,173.8899734
ETH,2019-08-29 23:59:59,169.5167345
ETH,2019-08-30 23:59:59,168.8348752
ETH,2019-08-31 23:59:59,172.4697889
ETH,2019-09-01 23:59:59,171.62942
ETH,2019-09-02 23:59:59,178.3473536
ETH,2019-09-03 23:59:59,179.499322
ETH,2019-09-04 23:59:59,175.9928843
ETH,2019-09-05 23:59:59,174.2171268
ETH,2019-09-06 23:59:59,169.9561748
ETH,2019-09-07 23:59:59,178.2626164
ETH,2019-09-08 23:59:59,181.3555241
ETH,2019-09-09 23:59:59,181.1494675
ETH,2019-09-10 23:59:59,179.7871718
ETH,2019-09-11 23:59:59,178.7254926
ETH,2019-09-12 23:59:59,181.0160916
ETH,2019-09-13 23:59:59,181.1097234
ETH,2019-09-14 23:59:59,188.1055085
ETH,2019-09-15 23:59:59,189.7891299
ETH,2019-09-16 23:59:59,197.1131774
ETH,2019-09-17 23:59:59,208.6087486
ETH,2019-09-18 23:59:59,211.3930349
ETH,2019-09-19 23:59:59,221.2808589
ETH,2019-09-20 23:59:59,218.0500552
ETH,2019-09-21 23:59:59,215.5162092
ETH,2019-09-22 23:59:59,211.5453864
ETH,2019-09-23 23:59:59,201.9213127
ETH,2019-09-24 23:59:59,168.1107362
ETH,2019-09-25 23:59:59,170.8926951
ETH,2019-09-26 23:59:59,166.7271245
ETH,2019-09-27 23:59:59,174.7109929
ETH,2019-09-28 23:59:59,174.5728917
ETH,2019-09-29 23:59:59,170.5034854
ETH,2019-09-30 23:59:59,179.8722015
ETH,2019-10-01 23:59:59,177.3404197
ETH,2019-10-02 23:59:59,180.7105063
ETH,2019-10-03 23:59:59,175.1993415
ETH,2019-10-04 23:59:59,176.9850069
ETH,2019-10-05 23:59:59,176.3515228
ETH,2019-10-06 23:59:59,173.0591448
ETH,2019-10-07 23:59:59,181.1863333
ETH,2019-10-08 23:59:59,182.0215638
ETH,2019-10-09 23:59:59,193.2932579
ETH,2019-10-10 23:59:59,191.6596724
ETH,2019-10-11 23:59:59,182.5696919
ETH,2019-10-12 23:59:59,180.82664
ETH,2019-10-13 23:59:59,182.075153
ETH,2019-10-14 23:59:59,186.9609064
ETH,2019-10-15 23:59:59,181.4060597
ETH,2019-10-16 23:59:59,176.0135114
ETH,2019-10-17 23:59:59,178.0283483
ETH,2019-10-18 23:59:59,173.6213408
ETH,2019-10-19 23:59:59,172.9130258
ETH,2019-10-20 23:59:59,175.5343737
ETH,2019-10-21 23:59:59,174.9209876
ETH,2019-10-22 23:59:59,172.3008541
ETH,2019-10-23 23:59:59,162.4027878
ETH,2019-10-24 23:59:59,162.1685406
ETH,2019-10-25 23:59:59,181.5232142
ETH,2019-10-26 23:59:59,179.8354781
ETH,2019-10-27 23:59:59,184.2422113
ETH,2019-10-28 23:59:59,182.6628176
ETH,2019-10-29 23:59:59,190.3425821
ETH,2019-10-30 23:59:59,184.6921644
ETH,2019-10-31 23:59:59,183.9669176
ETH,2019-11-01 23:59:59,183.9699024
ETH,2019-11-02 23:59:59,183.9257174
ETH,2019-11-03 23:59:59,182.4250219
ETH,2019-11-04 23:59:59,186.3551908
ETH,2019-11-05 23:59:59,189.3041706
ETH,2019-11-06 23:59:59,191.5938415
ETH,2019-11-07 23:59:59,187.9765437
ETH,2019-11-08 23:59:59,184.2114703
ETH,2019-11-09 23:59:59,185.0287221
ETH,2019-11-10 23:59:59,189.4772742
ETH,2019-11-11 23:59:59,185.4896461
ETH,2019-11-12 23:59:59,186.8434116
ETH,2019-11-13 23:59:59,188.2587452
ETH,2019-11-14 23:59:59,185.9996359
ETH,2019-11-15 23:59:59,180.5211809
ETH,2019-11-16 23:59:59,183.3483592
ETH,2019-11-17 23:59:59,185.1192355
ETH,2019-11-18 23:59:59,180.5596049
ETH,2019-11-19 23:59:59,177.4555454
ETH,2019-11-20 23:59:59,175.6983433
ETH,2019-11-21 23:59:59,161.4627255
ETH,2019-11-22 23:59:59,150.268171
ETH,2019-11-23 23:59:59,153.4177918
ETH,2019-11-24 23:59:59,142.8347014
ETH,2019-11-25 23:59:59,146.4765357
ETH,2019-11-26 23:59:59,148.9650662
ETH,2019-11-27 23:59:59,153.0105521
ETH,2019-11-28 23:59:59,151.717574
ETH,2019-11-29 23:59:59,155.3041459
ETH,2019-11-30 23:59:59,152.5396913
ETH,2019-12-01 23:59:59,151.1857294
ETH,2019-12-02 23:59:59,149.0591527
ETH,2019-12-03 23:59:59,147.9564152
ETH,2019-12-04 23:59:59,146.7477378
ETH,2019-12-05 23:59:59,149.2489946
ETH,2019-12-06 23:59:59,149.1944478
ETH,2019-12-07 23:59:59,148.7681629
ETH,2019-12-08 23:59:59,151.2647253
ETH,2019-12-09 23:59:59,148.2251688
ETH,2019-12-10 23:59:59,146.267046
ETH,2019-12-11 23:59:59,143.6079984
ETH,2019-12-12 23:59:59,145.6040105
ETH,2019-12-13 23:59:59,144.9447419
ETH,2019-12-14 23:59:59,142.8692272
ETH,2019-12-15 23:59:59,143.1149898
ETH,2019-12-16 23:59:59,133.61403
ETH,2019-12-17 23:59:59,122.6038881
ETH,2019-12-18 23:59:59,133.0921944
ETH,2019-12-19 23:59:59,129.32113
ETH,2019-12-20 23:59:59,129.0660499
ETH,2019-12-21 23:59:59,128.1309493
ETH,2019-12-22 23:59:59,132.3725195
ETH,2019-12-23 23:59:59,128.6140889
ETH,2019-12-24 23:59:59,129.0638929
ETH,2019-12-25 23:59:59,126.4546376
ETH,2019-12-26 23:59:59,126.3612229
ETH,2019-12-27 23:59:59,127.2146109
ETH,2019-12-28 23:59:59,128.3227117
ETH,2019-12-29 23:59:59,134.7579854
ETH,2019-12-30 23:59:59,132.6334889
ETH,2019-12-31 23:59:59,129.6108594
ETH,2020-01-01 23:59:59,130.8020081
ETH,2020-01-02 23:59:59,127.4101824
ETH,2020-01-03 23:59:59,134.1717125
ETH,2020-01-04 23:59:59,135.0693713
ETH,2020-01-05 23:59:59,136.2767767
ETH,2020-01-06 23:59:59,144.3041537
ETH,2020-01-07 23:59:59,143.5439983
ETH,2020-01-08 23:59:59,141.2581344
ETH,2020-01-09 23:59:59,138.9791967
ETH,2020-01-10 23:59:59,143.9637812
ETH,2020-01-11 23:59:59,142.9271145
ETH,2020-01-12 23:59:59,145.8739312
ETH,2020-01-13 23:59:59,144.2265911
ETH,2020-01-14 23:59:59,165.9553586
ETH,2020-01-15 23:59:59,166.2306851
ETH,2020-01-16 23:59:59,164.391011
ETH,2020-01-17 23:59:59,170.779958
ETH,2020-01-18 23:59:59,175.3656715
ETH,2020-01-19 23:59:59,166.969842
ETH,2020-01-20 23:59:59,167.1205093
ETH,2020-01-21 23:59:59,169.6971639
ETH,2020-01-22 23:59:59,168.2941617
ETH,2020-01-23 23:59:59,162.9285584
ETH,2020-01-24 23:59:59,163.0511829
ETH,2020-01-25 23:59:59,161.2839364
ETH,2020-01-26 23:59:59,168.0771005
ETH,2020-01-27 23:59:59,170.9308904
ETH,2020-01-28 23:59:59,176.3703205
ETH,2020-01-29 23:59:59,175.0503379
ETH,2020-01-30 23:59:59,184.6904764
ETH,2020-01-31 23:59:59,180.1601752
ETH,2020-02-01 23:59:59,183.6739471
ETH,2020-02-02 23:59:59,188.6175382
ETH,2020-02-03 23:59:59,189.8650632
ETH,2020-02-04 23:59:59,189.2506024
ETH,2020-02-05 23:59:59,204.2302447
ETH,2020-02-06 23:59:59,212.3390797
ETH,2020-02-07 23:59:59,222.7260663
ETH,2020-02-08 23:59:59,223.1465217
ETH,2020-02-09 23:59:59,228.57857
ETH,2020-02-10 23:59:59,223.5226996
ETH,2020-02-11 23:59:59,235.8511995
ETH,2020-02-12 23:59:59,265.4061261
ETH,2020-02-13 23:59:59,268.099256
ETH,2020-02-14 23:59:59,284.2175096
ETH,2020-02-15 23:59:59,264.7285853
ETH,2020-02-16 23:59:59,259.8947035
ETH,2020-02-17 23:59:59,266.3634463
ETH,2020-02-18 23:59:59,281.9445791
ETH,2020-02-19 23:59:59,259.7639627
ETH,2020-02-20 23:59:59,257.949455
ETH,2020-02-21 23:59:59,265.6006125
ETH,2020-02-22 23:59:59,262.331721
ETH,2020-02-23 23:59:59,273.754156
ETH,2020-02-24 23:59:59,265.2164173
ETH,2020-02-25 23:59:59,247.8175923
ETH,2020-02-26 23:59:59,225.6802655
ETH,2020-02-27 23:59:59,226.7533953
ETH,2020-02-28 23:59:59,226.7605015
ETH,2020-02-29 23:59:59,219.8485126
ETH,2020-03-01 23:59:59,218.9705999
ETH,2020-03-02 23:59:59,230.5697818
ETH,2020-03-03 23:59:59,224.4796223
ETH,2020-03-04 23:59:59,224.5179764
ETH,2020-03-05 23:59:59,229.2681889
ETH,2020-03-06 23:59:59,243.5252997
ETH,2020-03-07 23:59:59,237.853095
ETH,2020-03-08 23:59:59,200.6890523
ETH,2020-03-09 23:59:59,201.9863271
ETH,2020-03-10 23:59:59,200.7672474
ETH,2020-03-11 23:59:59,194.8685285
ETH,2020-03-12 23:59:59,112.3471238
ETH,2020-03-13 23:59:59,133.2018072
ETH,2020-03-14 23:59:59,123.3060246
ETH,2020-03-15 23:59:59,125.2143043
ETH,2020-03-16 23:59:59,110.605876
ETH,2020-03-17 23:59:59,113.9427502
ETH,2020-03-18 23:59:59,114.842273
ETH,2020-03-19 23:59:59,136.593858
ETH,2020-03-20 23:59:59,132.7371701
ETH,2020-03-21 23:59:59,132.8187078
ETH,2020-03-22 23:59:59,123.3211477
ETH,2020-03-23 23:59:59,134.911612
ETH,2020-03-24 23:59:59,138.761445
ETH,2020-03-25 23:59:59,136.1958929
ETH,2020-03-26 23:59:59,138.3615573
ETH,2020-03-27 23:59:59,133.9379402
ETH,2020-03-28 23:59:59,130.9864949
ETH,2020-03-29 23:59:59,125.5837304
ETH,2020-03-30 23:59:59,132.9045381
ETH,2020-03-31 23:59:59,133.5935651
ETH,2020-04-01 23:59:59,135.6345523
ETH,2020-04-02 23:59:59,142.0291476
ETH,2020-04-03 23:59:59,142.0913099
ETH,2020-04-04 23:59:59,145.2193846
ETH,2020-04-05 23:59:59,143.5466487
ETH,2020-04-06 23:59:59,169.1358846
ETH,2020-04-07 23:59:59,165.1019425
ETH,2020-04-08 23:59:59,172.6417338
ETH,2020-04-09 23:59:59,170.8071475
ETH,2020-04-10 23:59:59,158.4124486
ETH,2020-04-11 23:59:59,158.2160237
ETH,2020-04-12 23:59:59,161.1424201
ETH,2020-04-13 23:59:59,156.2795491
ETH,2020-04-14 23:59:59,157.5963957
ETH,2020-04-15 23:59:59,153.2868929
ETH,2020-04-16 23:59:59,172.1573828
ETH,2020-04-17 23:59:59,171.6385827
ETH,2020-04-18 23:59:59,186.9140058
ETH,2020-04-19 23:59:59,181.6149591
ETH,2020-04-20 23:59:59,172.2971576
ETH,2020-04-21 23:59:59,172.7377005
ETH,2020-04-22 23:59:59,182.5995748
ETH,2020-04-23 23:59:59,185.0286708
ETH,2020-04-24 23:59:59,189.2369419
ETH,2020-04-25 23:59:59,195.5153007
ETH,2020-04-26 23:59:59,197.3175302
ETH,2020-04-27 23:59:59,197.2247212
ETH,2020-04-28 23:59:59,198.415383
ETH,2020-04-29 23:59:59,216.9682239
ETH,2020-04-30 23:59:59,207.6020559
ETH,2020-05-01 23:59:59,214.2191064
ETH,2020-05-02 23:59:59,215.3253842
ETH,2020-05-03 23:59:59,210.9331569
ETH,2020-05-04 23:59:59,208.1740109
ETH,2020-05-05 23:59:59,206.7744045
ETH,2020-05-06 23:59:59,204.0557823
ETH,2020-05-07 23:59:59,212.2894058
ETH,2020-05-08 23:59:59,212.9915798
ETH,2020-05-09 23:59:59,211.6001236
ETH,2020-05-10 23:59:59,188.5995704
ETH,2020-05-11 23:59:59,185.912837
ETH,2020-05-12 23:59:59,189.3125023
ETH,2020-05-13 23:59:59,199.1932834
ETH,2020-05-14 23:59:59,202.9491008
ETH,2020-05-15 23:59:59,195.6226583
ETH,2020-05-16 23:59:59,200.6771186
ETH,2020-05-17 23:59:59,207.1586943
ETH,2020-05-18 23:59:59,214.5250552
ETH,2020-05-19 23:59:59,213.4511109
ETH,2020-05-20 23:59:59,210.0967356
ETH,2020-05-21 23:59:59,199.8836056
ETH,2020-05-22 23:59:59,207.1691946
ETH,2020-05-23 23:59:59,208.6944028
ETH,2020-05-24 23:59:59,202.370351
ETH,2020-05-25 23:59:59,205.3197501
ETH,2020-05-26 23:59:59,201.90231
ETH,2020-05-27 23:59:59,208.8634294
ETH,2020-05-28 23:59:59,219.8404313
ETH,2020-05-29 23:59:59,220.6751243
ETH,2020-05-30 23:59:59,242.3455902
ETH,2020-05-31 23:59:59,230.9757009
ETH,2020-06-01 23:59:59,246.9917603
ETH,2020-06-02 23:59:59,237.2190615
ETH,2020-06-03 23:59:59,244.179324
ETH,2020-06-04 23:59:59,244.4263876
ETH,2020-06-05 23:59:59,241.2219918
ETH,2020-06-06 23:59:59,241.9313201
ETH,2020-06-07 23:59:59,245.1672591
ETH,2020-06-08 23:59:59,246.3098986
ETH,2020-06-09 23:59:59,244.9114538
ETH,2020-06-10 23:59:59,247.4449437
ETH,2020-06-11 23:59:59,231.7026694
ETH,2020-06-12 23:59:59,237.4932103
ETH,2020-06-13 23:59:59,238.9088428
ETH,2020-06-14 23:59:59,234.1146952
ETH,2020-06-15 23:59:59,229.9289018
ETH,2020-06-16 23:59:59,234.4161741
ETH,2020-06-17 23:59:59,233.0282795
ETH,2020-06-18 23:59:59,232.1011626
ETH,2020-06-19 23:59:59,227.1382898
ETH,2020-06-20 23:59:59,229.2742568
ETH,2020-06-21 23:59:59,228.9898205
ETH,2020-06-22 23:59:59,242.5331931
ETH,2020-06-23 23:59:59,244.1421443
ETH,2020-06-24 23:59:59,235.7724621
ETH,2020-06-25 23:59:59,232.9444867
ETH,2020-06-26 23:59:59,229.6680393
ETH,2020-06-27 23:59:59,222.9597859
ETH,2020-06-28 23:59:59,225.3471684
ETH,2020-06-29 23:59:59,228.1948667
ETH,2020-06-30 23:59:59,226.3149974
ETH,2020-07-01 23:59:59,231.1134217
ETH,2020-07-02 23:59:59,229.3922016
ETH,2020-07-03 23:59:59,225.3870633
ETH,2020-07-04 23:59:59,229.0741123
ETH,2020-07-05 23:59:59,227.6645987
ETH,2020-07-06 23:59:59,241.5102251
ETH,2020-07-07 23:59:59,239.0755283
ETH,2020-07-08 23:59:59,246.6700154
ETH,2020-07-09 23:59:59,243.0159678
ETH,2020-07-10 23:59:59,240.9849852
ETH,2020-07-11 23:59:59,239.4581769
ETH,2020-07-12 23:59:59,242.1316952
ETH,2020-07-13 23:59:59,239.6045848
ETH,2020-07-14 23:59:59,240.2114942
ETH,2020-07-15 23:59:59,238.4235269
ETH,2020-07-16 23:59:59,233.640883
ETH,2020-07-17 23:59:59,232.7730856
ETH,2020-07-18 23:59:59,235.4838052
ETH,2020-07-19 23:59:59,238.4875237
ETH,2020-07-20 23:59:59,236.1531677
ETH,2020-07-21 23:59:59,245.0167285
ETH,2020-07-22 23:59:59,262.1906563
ETH,2020-07-23 23:59:59,274.689049
ETH,2020-07-24 23:59:59,279.2154095
ETH,2020-07-25 23:59:59,304.0567612
ETH,2020-07-26 23:59:59,309.6436093
ETH,2020-07-27 23:59:59,321.5140882
ETH,2020-07-28 23:59:59,316.6572523
ETH,2020-07-29 23:59:59,318.1908844
ETH,2020-07-30 23:59:59,334.5866293
ETH,2020-07-31 23:59:59,345.5546493
ETH,2020-08-01 23:59:59,385.1997193
ETH,2020-08-02 23:59:59,370.6717115
ETH,2020-08-03 23:59:59,386.2951734
ETH,2020-08-04 23:59:59,389.8754851
ETH,2020-08-05 23:59:59,401.5905863
ETH,2020-08-06 23:59:59,394.9619571
ETH,2020-08-07 23:59:59,379.512855
ETH,2020-08-08 23:59:59,393.9873761
ETH,2020-08-09 23:59:59,391.1204549
ETH,2020-08-10 23:59:59,395.8875695
ETH,2020-08-11 23:59:59,380.3840683
ETH,2020-08-12 23:59:59,391.0241621
ETH,2020-08-13 23:59:59,428.7417823
ETH,2020-08-14 23:59:59,437.3978395
ETH,2020-08-15 23:59:59,433.3549265
ETH,2020-08-16 23:59:59,433.78661
ETH,2020-08-17 23:59:59,429.5312523
ETH,2020-08-18 23:59:59,423.6693157
ETH,2020-08-19 23:59:59,406.4637868
ETH,2020-08-20 23:59:59,416.4397949
ETH,2020-08-21 23:59:59,389.1263503
ETH,2020-08-22 23:59:59,395.8351412
ETH,2020-08-23 23:59:59,391.3844998
ETH,2020-08-24 23:59:59,408.1442071
ETH,2020-08-25 23:59:59,384.001043
ETH,2020-08-26 23:59:59,386.4661242
ETH,2020-08-27 23:59:59,382.6326321
ETH,2020-08-28 23:59:59,395.8746661
ETH,2020-08-29 23:59:59,399.921471
ETH,2020-08-30 23:59:59,428.3957176
ETH,2020-08-31 23:59:59,435.0797453
ETH,2020-09-01 23:59:59,477.0519242
ETH,2020-09-02 23:59:59,440.0405069
ETH,2020-09-03 23:59:59,385.6719284
ETH,2020-09-04 23:59:59,388.2411404
ETH,2020-09-05 23:59:59,335.2600791
ETH,2020-09-06 23:59:59,353.3622657
ETH,2020-09-07 23:59:59,352.6734948
ETH,2020-09-08 23:59:59,337.6021119
ETH,2020-09-09 23:59:59,351.1100165
ETH,2020-09-10 23:59:59,368.1019071
ETH,2020-09-11 23:59:59,374.6955888
ETH,2020-09-12 23:59:59,387.1831096
ETH,2020-09-13 23:59:59,365.570005
ETH,2020-09-14 23:59:59,377.2688751
ETH,2020-09-15 23:59:59,364.8392182
ETH,2020-09-16 23:59:59,365.8122913
ETH,2020-09-17 23:59:59,389.0192197
ETH,2020-09-18 23:59:59,384.364542
ETH,2020-09-19 23:59:59,385.5443836
ETH,2020-09-20 23:59:59,371.0528262
ETH,2020-09-21 23:59:59,341.7860741
ETH,2020-09-22 23:59:59,344.5031623
ETH,2020-09-23 23:59:59,321.1163173
ETH,2020-09-24 23:59:59,349.3555851
ETH,2020-09-25 23:59:59,352.1832447
ETH,2020-09-26 23:59:59,355.4880904
ETH,2020-09-27 23:59:59,357.4384972
ETH,2020-09-28 23:59:59,355.1594236
ETH,2020-09-29 23:59:59,359.7573939
ETH,2020-09-30 23:59:59,359.9378738
ETH,2020-10-01 23:59:59,353.2059148
ETH,2020-10-02 23:59:59,346.2389138
ETH,2020-10-03 23:59:59,346.5220857
ETH,2020-10-04 23:59:59,352.5790067
ETH,2020-10-05 23:59:59,353.9567715
ETH,2020-10-06 23:59:59,340.8158454
ETH,2020-10-07 23:59:59,341.808669
ETH,2020-10-08 23:59:59,350.7661593
ETH,2020-10-09 23:59:59,365.5904772
ETH,2020-10-10 23:59:59,370.9675882
ETH,2020-10-11 23:59:59,375.1420494
ETH,2020-10-12 23:59:59,387.7312655
ETH,2020-10-13 23:59:59,381.1907613
ETH,2020-10-14 23:59:59,379.4840379
ETH,2020-10-15 23:59:59,377.4418457
ETH,2020-10-16 23:59:59,366.2290173
ETH,2020-10-17 23:59:59,368.8559404
ETH,2020-10-18 23:59:59,378.213698
ETH,2020-10-19 23:59:59,379.9356093
ETH,2020-10-20 23:59:59,369.1369149
ETH,2020-10-21 23:59:59,392.189967
ETH,2020-10-22 23:59:59,413.7729927
ETH,2020-10-23 23:59:59,409.7666916
ETH,2020-10-24 23:59:59,412.4576188
ETH,2020-10-25 23:59:59,406.2177613
ETH,2020-10-26 23:59:59,393.8883131
ETH,2020-10-27 23:59:59,403.9970451
ETH,2020-10-28 23:59:59,388.6507707
ETH,2020-10-29 23:59:59,386.7301135
ETH,2020-10-30 23:59:59,382.819992
ETH,2020-10-31 23:59:59,386.5903353
ETH,2020-11-01 23:59:59,396.3581869
ETH,2020-11-02 23:59:59,383.1567326
ETH,2020-11-03 23:59:59,387.6021733
ETH,2020-11-04 23:59:59,402.1419984
ETH,2020-11-05 23:59:59,414.0673382
ETH,2020-11-06 23:59:59,454.7192903
ETH,2020-11-07 23:59:59,435.7131351
ETH,2020-11-08 23:59:59,453.5547855
ETH,2020-11-09 23:59:59,444.1630571
ETH,2020-11-10 23:59:59,449.6796211
ETH,2020-11-11 23:59:59,462.9605277
ETH,2020-11-12 23:59:59,461.0052711
ETH,2020-11-13 23:59:59,474.6264209
ETH,2020-11-14 23:59:59,460.1498367
ETH,2020-11-15 23:59:59,447.5590953
ETH,2020-11-16 23:59:59,459.9403126
ETH,2020-11-17 23:59:59,480.3600826
ETH,2020-11-18 23:59:59,479.4840698
ETH,2020-11-19 23:59:59,471.6304197
ETH,2020-11-20 23:59:59,509.7445733
ETH,2020-11-21 23:59:59,549.4866209
ETH,2020-11-22 23:59:59,558.0680952
ETH,2020-11-23 23:59:59,608.4540286
ETH,2020-11-24 23:59:59,603.897746
ETH,2020-11-25 23:59:59,570.6866162
ETH,2020-11-26 23:59:59,518.8011739
ETH,2020-11-27 23:59:59,517.4936877
ETH,2020-11-28 23:59:59,538.2298006
ETH,2020-11-29 23:59:59,575.7580479
ETH,2020-11-30 23:59:59,614.842522
ETH,2020-12-01 23:59:59,587.3241871
ETH,2020-12-02 23:59:59,598.3523422
ETH,2020-12-03 23:59:59,616.7087549
ETH,2020-12-04 23:59:59,569.3541975
ETH,2020-12-05 23:59:59,596.5954747
ETH,2020-12-06 23:59:59,601.9089924
ETH,2020-12-07 23:59:59,591.8433793
ETH,2020-12-08 23:59:59,554.8277571
ETH,2020-12-09 23:59:59,573.4791116
ETH,2020-12-10 23:59:59,559.6785011
ETH,2020-12-11 23:59:59,545.797341
ETH,2020-12-12 23:59:59,568.5673178
ETH,2020-12-13 23:59:59,589.6632225
ETH,2020-12-14 23:59:59,586.011152
ETH,2020-12-15 23:59:59,589.3556025
ETH,2020-12-16 23:59:59,636.1818487
ETH,2020-12-17 23:59:59,642.868967
ETH,2020-12-18 23:59:59,654.8119269
ETH,2020-12-19 23:59:59,659.2979265
ETH,2020-12-20 23:59:59,638.2908464
ETH,2020-12-21 23:59:59,609.8178717
ETH,2020-12-22 23:59:59,634.8541995
ETH,2020-12-23 23:59:59,583.7145969
ETH,2020-12-24 23:59:59,611.6071869
ETH,2020-12-25 23:59:59,626.4107016
ETH,2020-12-26 23:59:59,635.8358309
ETH,2020-12-27 23:59:59,682.6423591
ETH,2020-12-28 23:59:59,730.3973648
ETH,2020-12-29 23:59:59,731.5201187
ETH,2020-12-30 23:59:59,751.6189719
ETH,2020-12-31 23:59:59,737.8033977
ETH,2021-01-01 23:59:59,730.3675691
ETH,2021-01-02 23:59:59,774.534968
ETH,2021-01-03 23:59:59,975.5076729
ETH,2021-01-04 23:59:59,1040.233048
ETH,2021-01-05 23:59:59,1100.006099
ETH,2021-01-06 23:59:59,1207.112234
ETH,2021-01-07 23:59:59,1225.678135
ETH,2021-01-08 23:59:59,1224.197145
ETH,2021-01-09 23:59:59,1281.077291
ETH,2021-01-10 23:59:59,1262.246664
ETH,2021-01-11 23:59:59,1090.145373
ETH,2021-01-12 23:59:59,1043.434584
ETH,2021-01-13 23:59:59,1130.739402
ETH,2021-01-14 23:59:59,1218.452978
ETH,2021-01-15 23:59:59,1171.834611
ETH,2021-01-16 23:59:59,1233.537568
ETH,2021-01-17 23:59:59,1230.172272
ETH,2021-01-18 23:59:59,1257.279502
ETH,2021-01-19 23:59:59,1377.295842
ETH,2021-01-20 23:59:59,1382.274094
ETH,2021-01-21 23:59:59,1121.57092
ETH,2021-01-22 23:59:59,1236.512207
ETH,2021-01-23 23:59:59,1230.990636
ETH,2021-01-24 23:59:59,1391.609408
ETH,2021-01-25 23:59:59,1324.414778
ETH,2021-01-26 23:59:59,1357.05814
ETH,2021-01-27 23:59:59,1253.187133
ETH,2021-01-28 23:59:59,1332.492245
ETH,2021-01-29 23:59:59,1382.522812
ETH,2021-01-30 23:59:59,1376.115539
ETH,2021-01-31 23:59:59,1314.986229
ETH,2021-02-01 23:59:59,1369.040469
ETH,2021-02-02 23:59:59,1515.19377
ETH,2021-02-03 23:59:59,1660.909542
ETH,2021-02-04 23:59:59,1594.762694
ETH,2021-02-05 23:59:59,1718.650872
ETH,2021-02-06 23:59:59,1677.846847
ETH,2021-02-07 23:59:59,1614.227823
ETH,2021-02-08 23:59:59,1746.616849
ETH,2021-02-09 23:59:59,1768.035017
ETH,2021-02-10 23:59:59,1744.243432
ETH,2021-02-11 23:59:59,1783.79795
ETH,2021-02-12 23:59:59,1843.532588
ETH,2021-02-13 23:59:59,1814.109853
ETH,2021-02-14 23:59:59,1805.084047
ETH,2021-02-15 23:59:59,1779.790978
ETH,2021-02-16 23:59:59,1781.067477
ETH,2021-02-17 23:59:59,1848.458273
ETH,2021-02-18 23:59:59,1937.449256
ETH,2021-02-19 23:59:59,1960.164744
ETH,2021-02-20 23:59:59,1919.534003
ETH,2021-02-21 23:59:59,1935.60106
ETH,2021-02-22 23:59:59,1781.992976
ETH,2021-02-23 23:59:59,1570.203925
ETH,2021-02-24 23:59:59,1626.575705
ETH,2021-02-25 23:59:59,1475.703735
ETH,2021-02-26 23:59:59,1446.03365
ETH,2021-02-27 23:59:59,1459.973121
ETH,2021-02-28 23:59:59,1416.048906
ETH,2021-03-01 23:59:59,1564.707647
ETH,2021-03-02 23:59:59,1492.608814
ETH,2021-03-03 23:59:59,1575.853125
ETH,2021-03-04 23:59:59,1541.914286
ETH,2021-03-05 23:59:59,1533.274976
ETH,2021-03-06 23:59:59,1654.741517
ETH,2021-03-07 23:59:59,1723.153796
ETH,2021-03-08 23:59:59,1834.727886
ETH,2021-03-09 23:59:59,1868.048781
ETH,2021-03-10 23:59:59,1799.166224
ETH,2021-03-11 23:59:59,1826.194987
ETH,2021-03-12 23:59:59,1772.102478
ETH,2021-03-13 23:59:59,1924.68544
ETH,2021-03-14 23:59:59,1854.564378
ETH,2021-03-15 23:59:59,1791.702302
ETH,2021-03-16 23:59:59,1806.971763
ETH,2021-03-17 23:59:59,1823.44938
ETH,2021-03-18 23:59:59,1782.855124
ETH,2021-03-19 23:59:59,1817.624092
ETH,2021-03-20 23:59:59,1812.634601
ETH,2021-03-21 23:59:59,1788.217009
ETH,2021-03-22 23:59:59,1691.334018
ETH,2021-03-23 23:59:59,1678.650138
ETH,2021-03-24 23:59:59,1593.413457
ETH,2021-03-25 23:59:59,1595.359192
ETH,2021-03-26 23:59:59,1702.84202
ETH,2021-03-27 23:59:59,1716.494612
ETH,2021-03-28 23:59:59,1691.355965
ETH,2021-03-29 23:59:59,1819.684963
ETH,2021-03-30 23:59:59,1846.033698
ETH,2021-03-31 23:59:59,1918.362061
ETH,2021-04-01 23:59:59,1977.276888
ETH,2021-04-02 23:59:59,2143.225632
ETH,2021-04-03 23:59:59,2028.422439
ETH,2021-04-04 23:59:59,2093.122853
ETH,2021-04-05 23:59:59,2107.887097
ETH,2021-04-06 23:59:59,2118.378959
ETH,2021-04-07 23:59:59,1971.077255
ETH,2021-04-08 23:59:59,2088.573651
ETH,2021-04-09 23:59:59,2072.108876
ETH,2021-04-10 23:59:59,2135.942201
ETH,2021-04-11 23:59:59,2157.657037
ETH,2021-04-12 23:59:59,2139.353196
ETH,2021-04-13 23:59:59,2299.187786
ETH,2021-04-14 23:59:59,2435.105019
ETH,2021-04-15 23:59:59,2519.1161
ETH,2021-04-16 23:59:59,2431.946504
ETH,2021-04-17 23:59:59,2344.894981
ETH,2021-04-18 23:59:59,2237.137028
ETH,2021-04-19 23:59:59,2166.188766
ETH,2021-04-20 23:59:59,2330.210937
ETH,2021-04-21 23:59:59,2364.751822
ETH,2021-04-22 23:59:59,2403.535241
ETH,2021-04-23 23:59:59,2363.586201
ETH,2021-04-24 23:59:59,2211.625808
ETH,2021-04-25 23:59:59,2316.059659
ETH,2021-04-26 23:59:59,2534.481799
ETH,2021-04-27 23:59:59,2662.865246
ETH,2021-04-28 23:59:59,2746.380053
ETH,2021-04-29 23:59:59,2756.876994
ETH,2021-04-30 23:59:59,2773.207132
ETH,2021-05-01 23:59:59,2945.892708
ETH,2021-05-02 23:59:59,2952.056055
ETH,2021-05-03 23:59:59,3431.08614
ETH,2021-05-04 23:59:59,3253.62947
ETH,2021-05-05 23:59:59,3522.78319
ETH,2021-05-06 23:59:59,3490.880459
ETH,2021-05-07 23:59:59,3484.728895
ETH,2021-05-08 23:59:59,3902.647734
ETH,2021-05-09 23:59:59,3928.844706
ETH,2021-05-10 23:59:59,3952.293872
ETH,2021-05-11 23:59:59,4168.701049
ETH,2021-05-12 23:59:59,3785.848603
ETH,2021-05-13 23:59:59,3715.148466
ETH,2021-05-14 23:59:59,4079.057459
ETH,2021-05-15 23:59:59,3638.122042
ETH,2021-05-16 23:59:59,3587.506206
ETH,2021-05-17 23:59:59,3282.397796
ETH,2021-05-18 23:59:59,3380.070093
ETH,2021-05-19 23:59:59,2460.6792
ETH,2021-05-20 23:59:59,2784.294158
ETH,2021-05-21 23:59:59,2430.621385
ETH,2021-05-22 23:59:59,2295.705657
ETH,2021-05-23 23:59:59,2109.579852
ETH,2021-05-24 23:59:59,2643.590995
ETH,2021-05-25 23:59:59,2706.628981
ETH,2021-05-26 23:59:59,2888.698681
ETH,2021-05-27 23:59:59,2736.488586
ETH,2021-05-28 23:59:59,2419.90629
ETH,2021-05-29 23:59:59,2279.514177
ETH,2021-05-30 23:59:59,2390.305302
ETH,2021-05-31 23:59:59,2714.945344
ETH,2021-06-01 23:59:59,2633.518417
ETH,2021-06-02 23:59:59,2706.124971
ETH,2021-06-03 23:59:59,2855.126531
ETH,2021-06-04 23:59:59,2688.194999
ETH,2021-06-05 23:59:59,2630.576801
ETH,2021-06-06 23:59:59,2715.092661
ETH,2021-06-07 23:59:59,2590.263304
ETH,2021-06-08 23:59:59,2517.438624
ETH,2021-06-09 23:59:59,2608.266986
ETH,2021-06-10 23:59:59,2471.518675
ETH,2021-06-11 23:59:59,2353.768687
ETH,2021-06-12 23:59:59,2372.484454
ETH,2021-06-13 23:59:59,2508.391632
ETH,2021-06-14 23:59:59,2537.891158
ETH,2021-06-15 23:59:59,2610.936727
ETH,2021-06-16 23:59:59,2367.663496
ETH,2021-06-17 23:59:59,2372.002024
ETH,2021-06-18 23:59:59,2231.733142
ETH,2021-06-19 23:59:59,2178.499139
ETH,2021-06-20 23:59:59,2246.364533
ETH,2021-06-21 23:59:59,1888.447497
ETH,2021-06-22 23:59:59,1874.950021
ETH,2021-06-23 23:59:59,1989.736271
ETH,2021-06-24 23:59:59,1988.456276
ETH,2021-06-25 23:59:59,1813.217232
ETH,2021-06-26 23:59:59,1829.239217
ETH,2021-06-27 23:59:59,1978.894662
ETH,2021-06-28 23:59:59,2079.657436
ETH,2021-06-29 23:59:59,2160.768352
ETH,2021-06-30 23:59:59,2274.547713
ETH,2021-07-01 23:59:59,2113.605523
ETH,2021-07-02 23:59:59,2150.040364
ETH,2021-07-03 23:59:59,2226.114282
ETH,2021-07-04 23:59:59,2321.724112
ETH,2021-07-05 23:59:59,2198.582464
ETH,2021-07-06 23:59:59,2324.679449
ETH,2022-10-07 23:59:59,1323.77
ETH,2022-10-08 23:59:59,1328.29
ETH,2022-10-09 23:59:59,1325.14
ETH,2022-10-10 23:59:59,1306.42
ETH,2022-10-11 23:59:59,1293.05
ETH,2022-10-12 23:59:59,1292.83
ETH,2022-10-13 23:59:59,1270.39
ETH,2022-10-14 23:59:59,1344.6
ETH,2022-10-15 23:59:59,1306.44
ETH,2022-10-16 23:59:59,1284.04
ETH,2022-10-17 23:59:59,1284.49
ETH,2022-10-18 23:59:59,1321.04
ETH,2022-10-19 23:59:59,1309.77
ETH,2022-10-20 23:59:59,1296.76
ETH,2022-10-21 23:59:59,1287.21
ETH,2022-10-22 23:59:59,1297.92
ETH,2022-10-23 23:59:59,1312.96
ETH,2022-10-24 23:59:59,1320.88